Fecha,Cartera,PnL,VaR_Parametrico_Umbral,VaR_Historico_Umbral,VaR_MonteCarlo_Umbral
2025-01-03,Cartera 1/N,"1619,3",-23205,-24785,-22971
2025-01-06,Cartera 1/N,"6116,66",-23205,-24785,-22971
2025-01-07,Cartera 1/N,"-1166,68",-23205,-24785,-22971
2025-01-08,Cartera 1/N,"-1011,54",-23205,-24785,-22971
2025-01-10,Cartera 1/N,"-10572,81",-23205,-24785,-22971
2025-01-13,Cartera 1/N,"-4032,46",-23205,-24785,-22971
2025-01-14,Cartera 1/N,"9167,52",-23205,-24785,-22971
2025-01-15,Cartera 1/N,"10478,48",-23205,-24785,-22971
2025-01-16,Cartera 1/N,"1757,41",-23205,-24785,-22971
2025-01-17,Cartera 1/N,"5113,19",-23205,-24785,-22971
2025-01-21,Cartera 1/N,"13296,11",-23205,-24785,-22971
2025-01-22,Cartera 1/N,"1651,94",-23205,-24785,-22971
2025-01-23,Cartera 1/N,"3566,35",-23205,-24785,-22971
2025-01-24,Cartera 1/N,"3695,24",-23205,-24785,-22971
2025-01-27,Cartera 1/N,"-10539,78",-23205,-24785,-22971
2025-01-28,Cartera 1/N,"3505,33",-23205,-24785,-22971
2025-01-29,Cartera 1/N,"-1160,11",-23205,-24785,-22971
2025-01-30,Cartera 1/N,"9488,53",-23205,-24785,-22971
2025-01-31,Cartera 1/N,"-6153,64",-23205,-24785,-22971
2025-02-03,Cartera 1/N,"-5221,87",-23205,-24785,-22971
2025-02-04,Cartera 1/N,"11805,21",-23205,-24785,-22971
2025-02-05,Cartera 1/N,"831,21",-23205,-24785,-22971
2025-02-06,Cartera 1/N,"3117,57",-23205,-24785,-22971
2025-02-07,Cartera 1/N,"-1631,39",-23205,-24785,-22971
2025-02-10,Cartera 1/N,"8445,08",-23205,-24785,-22971
2025-02-11,Cartera 1/N,"-922,32",-23205,-24785,-22971
2025-02-12,Cartera 1/N,"3124,18",-23205,-24785,-22971
2025-02-13,Cartera 1/N,"7075,32",-23205,-24785,-22971
2025-02-14,Cartera 1/N,"812,4",-23205,-24785,-22971
2025-02-18,Cartera 1/N,"3480,73",-23205,-24785,-22971
2025-02-19,Cartera 1/N,"-1742,83",-23205,-24785,-22971
2025-02-20,Cartera 1/N,"3804,42",-23205,-24785,-22971
2025-02-21,Cartera 1/N,"-5078,21",-23205,-24785,-22971
2025-02-24,Cartera 1/N,"-3490,84",-23205,-24785,-22971
2025-02-25,Cartera 1/N,"-2709,16",-23205,-24785,-22971
2025-02-26,Cartera 1/N,"2815,29",-23205,-24785,-22971
2025-02-27,Cartera 1/N,"-16133,0",-23205,-24785,-22971
2025-02-28,Cartera 1/N,"-1776,35",-23205,-24785,-22971
2025-03-03,Cartera 1/N,"-828,32",-23205,-24785,-22971
2025-03-04,Cartera 1/N,"2349,52",-23205,-24785,-22971
2025-03-05,Cartera 1/N,"15100,76",-23205,-24785,-22971
2025-03-06,Cartera 1/N,"-7344,81",-23205,-24785,-22971
2025-03-07,Cartera 1/N,"3895,97",-23205,-24785,-22971
2025-03-10,Cartera 1/N,"-18854,36",-23205,-24785,-22971
2025-03-11,Cartera 1/N,"3479,41",-23205,-24785,-22971
2025-03-12,Cartera 1/N,"4096,92",-23205,-24785,-22971
2025-03-13,Cartera 1/N,"-2906,55",-23205,-24785,-22971
2025-03-14,Cartera 1/N,"18107,93",-23205,-24785,-22971
2025-03-17,Cartera 1/N,"6287,02",-23205,-24785,-22971
2025-03-18,Cartera 1/N,"-1109,28",-23205,-24785,-22971
2025-03-19,Cartera 1/N,"3471,87",-23205,-24785,-22971
2025-03-20,Cartera 1/N,"-6979,69",-23205,-24785,-22971
2025-03-21,Cartera 1/N,"-5369,58",-23205,-24785,-22971
2025-03-24,Cartera 1/N,"4618,45",-23205,-24785,-22971
2025-03-25,Cartera 1/N,"3170,04",-23205,-24785,-22971
2025-03-26,Cartera 1/N,"-8309,41",-23205,-24785,-22971
2025-03-27,Cartera 1/N,"3928,13",-23205,-24785,-22971
2025-03-28,Cartera 1/N,"-8824,37",-23205,-24785,-22971
2025-03-31,Cartera 1/N,"1306,3",-23205,-24785,-22971
2025-04-01,Cartera 1/N,"936,55",-23205,-24785,-22971
2025-04-02,Cartera 1/N,"2753,36",-23205,-24785,-22971
2025-04-03,Cartera 1/N,"-20842,14",-23205,-24785,-22971
2025-04-04,Cartera 1/N,"-48238,08",-23205,-24785,-22971
2025-04-07,Cartera 1/N,"-28857,09",-23205,-24785,-22971
2025-04-08,Cartera 1/N,"-3517,37",-23205,-24785,-22971
2025-04-09,Cartera 1/N,"64973,94",-23205,-24785,-22971
2025-04-10,Cartera 1/N,"-8265,57",-23205,-24785,-22971
2025-04-11,Cartera 1/N,"21858,28",-23205,-24785,-22971
2025-04-14,Cartera 1/N,"2622,3",-23205,-24785,-22971
2025-04-15,Cartera 1/N,"1184,01",-23205,-24785,-22971
2025-04-16,Cartera 1/N,"926,78",-23205,-24785,-22971
2025-04-17,Cartera 1/N,"3001,82",-23205,-24785,-22971
2025-04-21,Cartera 1/N,"1724,21",-23205,-24785,-22971
2025-04-22,Cartera 1/N,"8321,44",-23205,-24785,-22971
2025-04-23,Cartera 1/N,"1808,31",-23205,-24785,-22971
2025-04-24,Cartera 1/N,"13104,1",-23205,-24785,-22971
2025-04-25,Cartera 1/N,"-1197,86",-23205,-24785,-22971
2025-04-28,Cartera 1/N,"4443,68",-23205,-24785,-22971
2025-04-29,Cartera 1/N,"1177,77",-23205,-24785,-22971
2025-04-30,Cartera 1/N,"-1372,56",-23205,-24785,-22971
2025-05-01,Cartera 1/N,"-5027,89",-23205,-24785,-22971
2025-05-02,Cartera 1/N,"18749,51",-23205,-24785,-22971
2025-05-05,Cartera 1/N,"7089,45",-23205,-24785,-22971
2025-05-06,Cartera 1/N,"1741,15",-23205,-24785,-22971
2025-05-07,Cartera 1/N,"-5776,88",-23205,-24785,-22971
2025-05-08,Cartera 1/N,"-3073,06",-23205,-24785,-22971
2025-05-09,Cartera 1/N,"4581,93",-23205,-24785,-22971
2025-05-12,Cartera 1/N,"9766,41",-23205,-24785,-22971
2025-05-13,Cartera 1/N,"3023,87",-23205,-24785,-22971
2025-05-14,Cartera 1/N,"-1757,49",-23205,-24785,-22971
2025-05-15,Cartera 1/N,"5408,77",-23205,-24785,-22971
2025-05-16,Cartera 1/N,"-738,95",-23205,-24785,-22971
2025-05-19,Cartera 1/N,"4530,79",-23205,-24785,-22971
2025-05-20,Cartera 1/N,"4042,82",-23205,-24785,-22971
2025-05-21,Cartera 1/N,"-2542,55",-23205,-24785,-22971
2025-05-22,Cartera 1/N,"-2958,28",-23205,-24785,-22971
2025-05-23,Cartera 1/N,"3158,51",-23205,-24785,-22971
2025-05-27,Cartera 1/N,"543,79",-23205,-24785,-22971
2025-05-28,Cartera 1/N,"-4398,81",-23205,-24785,-22971
2025-05-29,Cartera 1/N,"4494,1",-23205,-24785,-22971
2025-05-30,Cartera 1/N,"-5876,38",-23205,-24785,-22971
2025-06-02,Cartera 1/N,"10653,2",-23205,-24785,-22971
2025-06-03,Cartera 1/N,"-1095,56",-23205,-24785,-22971
2025-06-04,Cartera 1/N,"6357,29",-23205,-24785,-22971
2025-06-05,Cartera 1/N,"-426,28",-23205,-24785,-22971
2025-06-06,Cartera 1/N,"555,98",-23205,-24785,-22971
2025-06-09,Cartera 1/N,"3345,9",-23205,-24785,-22971
2025-06-10,Cartera 1/N,"1585,8",-23205,-24785,-22971
2025-06-11,Cartera 1/N,"2395,24",-23205,-24785,-22971
2025-06-12,Cartera 1/N,"6254,26",-23205,-24785,-22971
2025-06-13,Cartera 1/N,"-7756,33",-23205,-24785,-22971
2025-06-16,Cartera 1/N,"3104,59",-23205,-24785,-22971
2025-06-17,Cartera 1/N,"-8409,74",-23205,-24785,-22971
2025-06-18,Cartera 1/N,"-415,29",-23205,-24785,-22971
2025-06-20,Cartera 1/N,"-3019,57",-23205,-24785,-22971
2025-06-23,Cartera 1/N,"6665,84",-23205,-24785,-22971
2025-06-24,Cartera 1/N,"10008,82",-23205,-24785,-22971
2025-06-25,Cartera 1/N,"2761,53",-23205,-24785,-22971
2025-06-26,Cartera 1/N,"4374,71",-23205,-24785,-22971
2025-06-27,Cartera 1/N,"-3251,0",-23205,-24785,-22971
2025-06-30,Cartera 1/N,"5976,73",-23205,-24785,-22971
2025-07-01,Cartera 1/N,"2309,7",-23205,-24785,-22971
2025-07-02,Cartera 1/N,"4141,98",-23205,-24785,-22971
2025-07-03,Cartera 1/N,"3169,44",-23205,-24785,-22971
2025-07-07,Cartera 1/N,"-7080,4",-23205,-24785,-22971
2025-07-08,Cartera 1/N,"2836,41",-23205,-24785,-22971
2025-07-09,Cartera 1/N,"3834,57",-23205,-24785,-22971
2025-07-10,Cartera 1/N,"3049,41",-23205,-24785,-22971
2025-07-11,Cartera 1/N,"-2267,32",-23205,-24785,-22971
2025-07-14,Cartera 1/N,"317,89",-23205,-24785,-22971
2025-07-15,Cartera 1/N,"-3937,38",-23205,-24785,-22971
2025-07-16,Cartera 1/N,"3250,54",-23205,-24785,-22971
2025-07-17,Cartera 1/N,"3957,86",-23205,-24785,-22971
2025-07-18,Cartera 1/N,"-159,46",-23205,-24785,-22971
2025-07-21,Cartera 1/N,"7589,74",-23205,-24785,-22971
2025-07-22,Cartera 1/N,"4307,3",-23205,-24785,-22971
2025-07-23,Cartera 1/N,"5176,79",-23205,-24785,-22971
2025-07-24,Cartera 1/N,"-4201,01",-23205,-24785,-22971
2025-07-25,Cartera 1/N,"-2107,71",-23205,-24785,-22971
2025-07-28,Cartera 1/N,"-7410,51",-23205,-24785,-22971
2025-07-29,Cartera 1/N,"1323,23",-23205,-24785,-22971
2025-07-30,Cartera 1/N,"-8301,89",-23205,-24785,-22971
2025-07-31,Cartera 1/N,"-6244,6",-23205,-24785,-22971
2025-08-01,Cartera 1/N,"-1989,54",-23205,-24785,-22971
2025-08-04,Cartera 1/N,"10148,41",-23205,-24785,-22971
2025-08-05,Cartera 1/N,"876,57",-23205,-24785,-22971
2025-08-06,Cartera 1/N,"3036,54",-23205,-24785,-22971
2025-08-07,Cartera 1/N,"6547,04",-23205,-24785,-22971
2025-08-08,Cartera 1/N,"1616,82",-23205,-24785,-22971
2025-08-11,Cartera 1/N,"-4605,98",-23205,-24785,-22971
2025-08-12,Cartera 1/N,"9090,9",-23205,-24785,-22971
2025-08-13,Cartera 1/N,"5778,02",-23205,-24785,-22971
2025-08-14,Cartera 1/N,"-5078,76",-23205,-24785,-22971
2025-08-15,Cartera 1/N,"2187,87",-23205,-24785,-22971
2025-08-18,Cartera 1/N,"3344,9",-23205,-24785,-22971
2025-08-19,Cartera 1/N,"-5838,52",-23205,-24785,-22971
2025-08-20,Cartera 1/N,"5973,5",-23205,-24785,-22971
2025-08-21,Cartera 1/N,"-3150,97",-23205,-24785,-22971
2025-08-22,Cartera 1/N,"18052,53",-23205,-24785,-22971
2025-08-25,Cartera 1/N,"-4223,9",-23205,-24785,-22971
2025-08-26,Cartera 1/N,"1200,34",-23205,-24785,-22971
2025-08-27,Cartera 1/N,"-3297,57",-23205,-24785,-22971
2025-08-28,Cartera 1/N,"8498,86",-23205,-24785,-22971
2025-08-29,Cartera 1/N,"-1288,51",-23205,-24785,-22971
2025-09-02,Cartera 1/N,"-1766,59",-23205,-24785,-22971
2025-09-03,Cartera 1/N,"3731,8",-23205,-24785,-22971
2025-09-04,Cartera 1/N,"-1865,51",-23205,-24785,-22971
2025-09-05,Cartera 1/N,"9335,6",-23205,-24785,-22971
2025-09-08,Cartera 1/N,"6455,9",-23205,-24785,-22971
2025-09-09,Cartera 1/N,"-1121,65",-23205,-24785,-22971
2025-09-10,Cartera 1/N,"2630,53",-23205,-24785,-22971
2025-09-11,Cartera 1/N,"11655,21",-23205,-24785,-22971
2025-09-12,Cartera 1/N,"-2288,58",-23205,-24785,-22971
2025-09-15,Cartera 1/N,"7085,63",-23205,-24785,-22971
2025-09-16,Cartera 1/N,"526,65",-23205,-24785,-22971
2025-09-17,Cartera 1/N,"-1184,14",-23205,-24785,-22971
2025-09-18,Cartera 1/N,"-1394,58",-23205,-24785,-22971
2025-09-19,Cartera 1/N,"1656,05",-23205,-24785,-22971
2025-09-22,Cartera 1/N,"7379,23",-23205,-24785,-22971
2025-09-23,Cartera 1/N,"595,15",-23205,-24785,-22971
2025-09-24,Cartera 1/N,"-4701,35",-23205,-24785,-22971
2025-09-25,Cartera 1/N,"-2546,93",-23205,-24785,-22971
2025-09-26,Cartera 1/N,"2345,25",-23205,-24785,-22971
2025-09-29,Cartera 1/N,"9911,93",-23205,-24785,-22971
2025-09-30,Cartera 1/N,"5292,0",-23205,-24785,-22971
2025-10-01,Cartera 1/N,"5086,77",-23205,-24785,-22971
2025-10-02,Cartera 1/N,"1284,23",-23205,-24785,-22971
2025-10-03,Cartera 1/N,"3350,14",-23205,-24785,-22971
2025-10-06,Cartera 1/N,"4880,39",-23205,-24785,-22971
2025-10-07,Cartera 1/N,"-3118,3",-23205,-24785,-22971
2025-10-08,Cartera 1/N,"7508,06",-23205,-24785,-22971
2025-10-09,Cartera 1/N,"-7122,04",-23205,-24785,-22971
2025-10-10,Cartera 1/N,"-20501,04",-23205,-24785,-22971
2025-10-13,Cartera 1/N,"20975,6",-23205,-24785,-22971
2025-10-14,Cartera 1/N,"-1620,26",-23205,-24785,-22971
2025-10-15,Cartera 1/N,"11001,72",-23205,-24785,-22971
2025-10-16,Cartera 1/N,"7021,01",-23205,-24785,-22971
2025-10-17,Cartera 1/N,"-4967,7",-23205,-24785,-22971
2025-10-20,Cartera 1/N,"13504,68",-23205,-24785,-22971
2025-10-21,Cartera 1/N,"-15674,74",-23205,-24785,-22971
2025-10-22,Cartera 1/N,"-678,72",-23205,-24785,-22971
2025-10-23,Cartera 1/N,"5879,58",-23205,-24785,-22971
2025-10-24,Cartera 1/N,"5019,77",-23205,-24785,-22971
2025-10-27,Cartera 1/N,"2033,48",-23205,-24785,-22971
2025-10-28,Cartera 1/N,"-1031,2",-23205,-24785,-22971
2025-10-29,Cartera 1/N,"1312,05",-23205,-24785,-22971
2025-10-30,Cartera 1/N,"-3119,65",-23205,-24785,-22971
2025-10-31,Cartera 1/N,"-4195,19",-23205,-24785,-22971
2025-11-03,Cartera 1/N,"2320,3",-23205,-24785,-22971
2025-11-04,Cartera 1/N,"-14812,54",-23205,-24785,-22971
2025-11-05,Cartera 1/N,"8777,93",-23205,-24785,-22971
2025-11-06,Cartera 1/N,"-4334,82",-23205,-24785,-22971
2025-11-07,Cartera 1/N,"2028,8",-23205,-24785,-22971
2025-11-10,Cartera 1/N,"15430,99",-23205,-24785,-22971
2025-11-11,Cartera 1/N,"1905,6",-23205,-24785,-22971
2025-11-12,Cartera 1/N,"4208,89",-23205,-24785,-22971
2025-11-13,Cartera 1/N,"-8146,8",-23205,-24785,-22971
2025-11-14,Cartera 1/N,"-6505,63",-23205,-24785,-22971
2025-11-17,Cartera 1/N,"-11192,21",-23205,-24785,-22971
2025-11-18,Cartera 1/N,"-3394,64",-23205,-24785,-22971
2025-11-19,Cartera 1/N,"62,56",-23205,-24785,-22971
2025-11-20,Cartera 1/N,"-10539,51",-23205,-24785,-22971
2025-11-21,Cartera 1/N,"2299,54",-23205,-24785,-22971
2025-11-24,Cartera 1/N,"7426,94",-23205,-24785,-22971
2025-11-25,Cartera 1/N,"8240,6",-23205,-24785,-22971
2025-11-26,Cartera 1/N,"7682,39",-23205,-24785,-22971
2025-11-28,Cartera 1/N,"6701,34",-23205,-24785,-22971
2025-12-01,Cartera 1/N,"-221,06",-23205,-24785,-22971
2025-12-02,Cartera 1/N,"-747,25",-23205,-24785,-22971
2025-12-03,Cartera 1/N,"2485,3",-23205,-24785,-22971
2025-12-04,Cartera 1/N,"649,33",-23205,-24785,-22971
2025-12-05,Cartera 1/N,"3870,35",-23205,-24785,-22971
2025-12-08,Cartera 1/N,"-712,03",-23205,-24785,-22971
2025-12-09,Cartera 1/N,"37,59",-23205,-24785,-22971
2025-12-10,Cartera 1/N,"7714,11",-23205,-24785,-22971
2025-12-11,Cartera 1/N,"1463,37",-23205,-24785,-22971
2025-12-12,Cartera 1/N,"-5138,06",-23205,-24785,-22971
2025-12-15,Cartera 1/N,"564,04",-23205,-24785,-22971
2025-12-16,Cartera 1/N,"-4621,43",-23205,-24785,-22971
2025-12-17,Cartera 1/N,"-882,86",-23205,-24785,-22971
2025-12-18,Cartera 1/N,"5465,65",-23205,-24785,-22971
2025-12-19,Cartera 1/N,"5705,88",-23205,-24785,-22971
2025-12-22,Cartera 1/N,"9743,68",-23205,-24785,-22971
2025-12-23,Cartera 1/N,"7035,74",-23205,-24785,-22971
2025-12-24,Cartera 1/N,"1494,95",-23205,-24785,-22971
2025-12-26,Cartera 1/N,"5742,23",-23205,-24785,-22971
2025-12-29,Cartera 1/N,"-11980,8",-23205,-24785,-22971
2025-12-30,Cartera 1/N,"2386,48",-23205,-24785,-22971
2025-12-31,Cartera 1/N,"-4430,37",-23205,-24785,-22971
2026-01-02,Cartera 1/N,"11190,53",-23205,-24785,-22971
2026-01-05,Cartera 1/N,"12800,65",-23205,-24785,-22971
2026-01-06,Cartera 1/N,"8184,65",-23205,-24785,-22971
2026-01-07,Cartera 1/N,"-6140,63",-23205,-24785,-22971
2026-01-08,Cartera 1/N,"655,01",-23205,-24785,-22971
2026-01-09,Cartera 1/N,"6478,22",-23205,-24785,-22971
2026-01-12,Cartera 1/N,"8789,82",-23205,-24785,-22971
2026-01-13,Cartera 1/N,"-5567,89",-23205,-24785,-22971
2026-01-14,Cartera 1/N,"1980,86",-23205,-24785,-22971
2026-01-15,Cartera 1/N,"2093,8",-23205,-24785,-22971
2026-01-16,Cartera 1/N,"-2692,06",-23205,-24785,-22971
2026-01-20,Cartera 1/N,"-1392,92",-23205,-24785,-22971
2026-01-21,Cartera 1/N,"11870,42",-23205,-24785,-22971
2026-01-22,Cartera 1/N,"7511,0",-23205,-24785,-22971
2026-01-23,Cartera 1/N,"5505,46",-23205,-24785,-22971
2026-01-26,Cartera 1/N,"6260,11",-23205,-24785,-22971
2026-01-27,Cartera 1/N,"13848,5",-23205,-24785,-22971
2026-01-28,Cartera 1/N,"5832,9",-23205,-24785,-22971
2026-01-29,Cartera 1/N,"1493,05",-23205,-24785,-22971
2026-01-30,Cartera 1/N,"-31225,48",-23205,-24785,-22971
2026-02-02,Cartera 1/N,"-6330,89",-23205,-24785,-22971
2026-02-03,Cartera 1/N,"13048,55",-23205,-24785,-22971
2026-02-04,Cartera 1/N,"-2250,22",-23205,-24785,-22971
2026-02-05,Cartera 1/N,"-13510,57",-23205,-24785,-22971
2026-02-06,Cartera 1/N,"21951,7",-23205,-24785,-22971
2026-02-09,Cartera 1/N,"12340,14",-23205,-24785,-22971
2026-02-10,Cartera 1/N,"-2982,96",-23205,-24785,-22971
2026-02-11,Cartera 1/N,"6669,08",-23205,-24785,-22971
2026-02-12,Cartera 1/N,"-14420,59",-23205,-24785,-22971
2026-02-13,Cartera 1/N,"5398,43",-23205,-24785,-22971
2026-02-17,Cartera 1/N,"-5086,14",-23205,-24785,-22971
2026-02-18,Cartera 1/N,"7985,18",-23205,-24785,-22971
2026-02-19,Cartera 1/N,"-1799,6",-23205,-24785,-22971
2026-02-20,Cartera 1/N,"13794,92",-23205,-24785,-22971
2026-02-23,Cartera 1/N,"-880,48",-23205,-24785,-22971
2026-02-24,Cartera 1/N,"4273,19",-23205,-24785,-22971
2026-02-25,Cartera 1/N,"8014,64",-23205,-24785,-22971
2026-02-26,Cartera 1/N,"-2661,07",-23205,-24785,-22971
2026-02-27,Cartera 1/N,"77,88",-23205,-24785,-22971
2026-03-02,Cartera 1/N,"-5179,65",-23205,-24785,-22971
2026-03-03,Cartera 1/N,"-34588,2",-23205,-24785,-22971
2026-03-04,Cartera 1/N,"9406,62",-23205,-24785,-22971
2026-03-05,Cartera 1/N,"-13786,52",-23205,-24785,-22971
2026-03-06,Cartera 1/N,"-3197,31",-23205,-24785,-22971
2026-03-09,Cartera 1/N,"8418,17",-23205,-24785,-22971
2026-03-10,Cartera 1/N,"2832,69",-23205,-24785,-22971
2026-03-11,Cartera 1/N,"1283,01",-23205,-24785,-22971
2026-03-12,Cartera 1/N,"-19686,91",-23205,-24785,-22971
2026-03-13,Cartera 1/N,"-7578,26",-23205,-24785,-22971
2026-03-16,Cartera 1/N,"12194,6",-23205,-24785,-22971
2026-03-17,Cartera 1/N,"2212,94",-23205,-24785,-22971
2026-03-18,Cartera 1/N,"-19325,26",-23205,-24785,-22971
2026-03-19,Cartera 1/N,"-8881,39",-23205,-24785,-22971
2026-03-20,Cartera 1/N,"-26853,3",-23205,-24785,-22971
2026-03-23,Cartera 1/N,"8101,66",-23205,-24785,-22971
2026-03-24,Cartera 1/N,"-6329,53",-23205,-24785,-22971
2026-03-25,Cartera 1/N,"16790,75",-23205,-24785,-22971
2026-03-26,Cartera 1/N,"-27131,67",-23205,-24785,-22971
2026-03-27,Cartera 1/N,"1043,82",-23205,-24785,-22971
2026-03-30,Cartera 1/N,"-942,93",-23205,-24785,-22971
2026-03-31,Cartera 1/N,"30226,02",-23205,-24785,-22971
2026-04-01,Cartera 1/N,"10771,44",-23205,-24785,-22971
2026-04-02,Cartera 1/N,"-8545,63",-23205,-24785,-22971
2026-04-06,Cartera 1/N,"2293,75",-23205,-24785,-22971
2026-04-07,Cartera 1/N,"2162,39",-23205,-24785,-22971
2026-04-08,Cartera 1/N,"33627,37",-23205,-24785,-22971
2026-04-09,Cartera 1/N,"1675,16",-23205,-24785,-22971
2026-04-10,Cartera 1/N,"3595,04",-23205,-24785,-22971
2026-04-13,Cartera 1/N,"6637,05",-23205,-24785,-22971
2026-04-14,Cartera 1/N,"15402,42",-23205,-24785,-22971
2026-04-15,Cartera 1/N,"-3176,95",-23205,-24785,-22971
2026-04-16,Cartera 1/N,"825,97",-23205,-24785,-22971
2026-04-17,Cartera 1/N,"13839,28",-23205,-24785,-22971
2026-04-20,Cartera 1/N,"-4140,01",-23205,-24785,-22971
2026-04-21,Cartera 1/N,"-16251,62",-23205,-24785,-22971
2026-04-22,Cartera 1/N,"13103,57",-23205,-24785,-22971
2026-04-23,Cartera 1/N,"-8239,12",-23205,-24785,-22971
2026-04-24,Cartera 1/N,"8623,18",-23205,-24785,-22971
2026-04-27,Cartera 1/N,"-2745,65",-23205,-24785,-22971
2026-04-28,Cartera 1/N,"-8585,26",-23205,-24785,-22971
2026-04-29,Cartera 1/N,"-4959,16",-23205,-24785,-22971
2026-04-30,Cartera 1/N,"17110,03",-23205,-24785,-22971
2026-05-01,Cartera 1/N,"1284,44",-23205,-24785,-22971
2026-05-04,Cartera 1/N,"-9784,54",-23205,-24785,-22971
2026-05-05,Cartera 1/N,"12771,4",-23205,-24785,-22971
2026-05-06,Cartera 1/N,"24537,92",-23205,-24785,-22971
2026-05-07,Cartera 1/N,"-10185,67",-23205,-24785,-22971
2026-05-08,Cartera 1/N,"10598,68",-23205,-24785,-22971
2026-05-11,Cartera 1/N,"4334,08",-23205,-24785,-22971
2026-05-12,Cartera 1/N,"-11385,13",-23205,-24785,-22971
2026-05-13,Cartera 1/N,"8138,29",-23205,-24785,-22971
2026-05-14,Cartera 1/N,"-2132,52",-23205,-24785,-22971
2026-05-15,Cartera 1/N,"-22329,8",-23205,-24785,-22971
2026-05-18,Cartera 1/N,"2447,65",-23205,-24785,-22971
2026-05-19,Cartera 1/N,"-10309,47",-23205,-24785,-22971
2026-05-20,Cartera 1/N,"15760,02",-23205,-24785,-22971
2026-05-21,Cartera 1/N,"2686,11",-23205,-24785,-22971
2026-05-22,Cartera 1/N,"-831,09",-23205,-24785,-22971
2026-05-26,Cartera 1/N,"16881,61",-23205,-24785,-22971
2026-05-27,Cartera 1/N,"-3213,79",-23205,-24785,-22971
2026-05-28,Cartera 1/N,"3968,33",-23205,-24785,-22971
2026-05-29,Cartera 1/N,"2624,83",-23205,-24785,-22971
2026-06-01,Cartera 1/N,"-993,81",-23205,-24785,-22971
2026-06-02,Cartera 1/N,"6439,35",-23205,-24785,-22971
2026-06-03,Cartera 1/N,"-8082,07",-23205,-24785,-22971
2026-06-04,Cartera 1/N,"1021,53",-23205,-24785,-22971
2026-06-05,Cartera 1/N,"-38805,27",-23205,-24785,-22971
2026-06-08,Cartera 1/N,"4530,04",-23205,-24785,-22971
2026-06-09,Cartera 1/N,"-111,91",-23205,-24785,-22971
2026-06-10,Cartera 1/N,"-20657,46",-23205,-24785,-22971
2026-06-11,Cartera 1/N,"28286,19",-23205,-24785,-22971
2026-06-12,Cartera 1/N,"4305,18",-23205,-24785,-22971
2026-06-15,Cartera 1/N,"21275,14",-23205,-24785,-22971
2026-06-16,Cartera 1/N,"-4373,24",-23205,-24785,-22971
2026-06-17,Cartera 1/N,"-8326,19",-23205,-24785,-22971
2026-06-18,Cartera 1/N,"11864,86",-23205,-24785,-22971
2026-06-22,Cartera 1/N,"4622,42",-23205,-24785,-22971
2026-06-23,Cartera 1/N,"-29307,51",-23205,-24785,-22971
2026-06-24,Cartera 1/N,"-7222,0",-23205,-24785,-22971
2026-06-25,Cartera 1/N,"12119,5",-23205,-24785,-22971
2026-06-26,Cartera 1/N,"-8402,48",-23205,-24785,-22971
2026-06-29,Cartera 1/N,"5618,15",-23205,-24785,-22971
2026-06-30,Cartera 1/N,"8386,67",-23205,-24785,-22971
2026-07-01,Cartera 1/N,"-10079,13",-23205,-24785,-22971
2026-07-02,Cartera 1/N,"-2444,99",-23205,-24785,-22971
2026-07-06,Cartera 1/N,"14056,91",-23205,-24785,-22971
2026-07-07,Cartera 1/N,"-14904,77",-23205,-24785,-22971
2026-07-08,Cartera 1/N,"-4870,99",-23205,-24785,-22971
2026-07-09,Cartera 1/N,"11608,74",-23205,-24785,-22971
2026-07-10,Cartera 1/N,"-1552,52",-23205,-24785,-22971
2026-07-13,Cartera 1/N,"-21909,22",-23205,-24785,-22971
2026-07-14,Cartera 1/N,"13580,18",-23205,-24785,-22971
2026-07-15,Cartera 1/N,"908,94",-23205,-24785,-22971
2026-07-16,Cartera 1/N,"-16031,07",-23205,-24785,-22971
2026-07-17,Cartera 1/N,"-8123,7",-23205,-24785,-22971
2026-07-20,Cartera 1/N,"-974,7",-23205,-24785,-22971
2026-07-21,Cartera 1/N,"21194,64",-23205,-24785,-22971
2026-07-22,Cartera 1/N,"1630,63",-23205,-24785,-22971
2026-07-23,Cartera 1/N,"-11469,69",-23205,-24785,-22971
2026-07-24,Cartera 1/N,"-5544,08",-23205,-24785,-22971
2026-07-27,Cartera 1/N,"4434,85",-23205,-24785,-22971
2026-07-28,Cartera 1/N,"-11296,56",-23205,-24785,-22971
2026-07-29,Cartera 1/N,"-9216,65",-23205,-24785,-22971
2026-07-30,Cartera 1/N,"23309,91",-23205,-24785,-22971
2026-07-31,Cartera 1/N,"-806,58",-23205,-24785,-22971
2026-08-03,Cartera 1/N,"2999,64",-23205,-24785,-22971
2026-08-04,Cartera 1/N,"15568,01",-23205,-24785,-22971
2026-08-05,Cartera 1/N,"7919,73",-23205,-24785,-22971
2026-08-06,Cartera 1/N,"-1683,68",-23205,-24785,-22971
2026-08-07,Cartera 1/N,"11358,11",-23205,-24785,-22971
2026-08-10,Cartera 1/N,"-1713,33",-23205,-24785,-22971
2026-08-11,Cartera 1/N,"-1037,58",-23205,-24785,-22971
2026-08-12,Cartera 1/N,"8898,9",-23205,-24785,-22971
2026-08-13,Cartera 1/N,"-1449,36",-23205,-24785,-22971
2026-08-14,Cartera 1/N,"224,99",-23205,-24785,-22971
2026-08-17,Cartera 1/N,"5208,52",-23205,-24785,-22971
2026-08-18,Cartera 1/N,"-14890,71",-23205,-24785,-22971
2026-08-19,Cartera 1/N,"8513,99",-23205,-24785,-22971
2026-08-20,Cartera 1/N,"143,49",-23205,-24785,-22971
2026-08-21,Cartera 1/N,"9298,11",-23205,-24785,-22971
2026-08-24,Cartera 1/N,"-5499,64",-23205,-24785,-22971
2025-01-03,Mínima Varianza,"-1932,78",-18399,-21319,-17808
2025-01-06,Mínima Varianza,"977,4",-18399,-21319,-17808
2025-01-07,Mínima Varianza,"532,62",-18399,-21319,-17808
2025-01-08,Mínima Varianza,"3600,91",-18399,-21319,-17808
2025-01-10,Mínima Varianza,"14,65",-18399,-21319,-17808
2025-01-13,Mínima Varianza,"-5719,06",-18399,-21319,-17808
2025-01-14,Mínima Varianza,"5479,19",-18399,-21319,-17808
2025-01-15,Mínima Varianza,"10196,42",-18399,-21319,-17808
2025-01-16,Mínima Varianza,"3460,49",-18399,-21319,-17808
2025-01-17,Mínima Varianza,"463,28",-18399,-21319,-17808
2025-01-21,Mínima Varianza,"13010,24",-18399,-21319,-17808
2025-01-22,Mínima Varianza,"4644,49",-18399,-21319,-17808
2025-01-23,Mínima Varianza,"794,67",-18399,-21319,-17808
2025-01-24,Mínima Varianza,"3977,49",-18399,-21319,-17808
2025-01-27,Mínima Varianza,"-11247,84",-18399,-21319,-17808
2025-01-28,Mínima Varianza,"7875,95",-18399,-21319,-17808
2025-01-29,Mínima Varianza,"-3722,29",-18399,-21319,-17808
2025-01-30,Mínima Varianza,"11389,91",-18399,-21319,-17808
2025-01-31,Mínima Varianza,"-1216,82",-18399,-21319,-17808
2025-02-03,Mínima Varianza,"1237,95",-18399,-21319,-17808
2025-02-04,Mínima Varianza,"9188,16",-18399,-21319,-17808
2025-02-05,Mínima Varianza,"3966,55",-18399,-21319,-17808
2025-02-06,Mínima Varianza,"-67,31",-18399,-21319,-17808
2025-02-07,Mínima Varianza,"-790,88",-18399,-21319,-17808
2025-02-10,Mínima Varianza,"13078,8",-18399,-21319,-17808
2025-02-11,Mínima Varianza,"-2598,22",-18399,-21319,-17808
2025-02-12,Mínima Varianza,"534,58",-18399,-21319,-17808
2025-02-13,Mínima Varianza,"9152,15",-18399,-21319,-17808
2025-02-14,Mínima Varianza,"-8250,99",-18399,-21319,-17808
2025-02-18,Mínima Varianza,"10323,31",-18399,-21319,-17808
2025-02-19,Mínima Varianza,"1204,84",-18399,-21319,-17808
2025-02-20,Mínima Varianza,"-193,74",-18399,-21319,-17808
2025-02-21,Mínima Varianza,"-5251,09",-18399,-21319,-17808
2025-02-24,Mínima Varianza,"1254,45",-18399,-21319,-17808
2025-02-25,Mínima Varianza,"-10135,88",-18399,-21319,-17808
2025-02-26,Mínima Varianza,"1570,12",-18399,-21319,-17808
2025-02-27,Mínima Varianza,"-14996,63",-18399,-21319,-17808
2025-02-28,Mínima Varianza,"-245,92",-18399,-21319,-17808
2025-03-03,Mínima Varianza,"2530,61",-18399,-21319,-17808
2025-03-04,Mínima Varianza,"2428,97",-18399,-21319,-17808
2025-03-05,Mínima Varianza,"5526,03",-18399,-21319,-17808
2025-03-06,Mínima Varianza,"-8115,56",-18399,-21319,-17808
2025-03-07,Mínima Varianza,"1521,32",-18399,-21319,-17808
2025-03-10,Mínima Varianza,"-14488,48",-18399,-21319,-17808
2025-03-11,Mínima Varianza,"5707,56",-18399,-21319,-17808
2025-03-12,Mínima Varianza,"4205,03",-18399,-21319,-17808
2025-03-13,Mínima Varianza,"6941,39",-18399,-21319,-17808
2025-03-14,Mínima Varianza,"8717,91",-18399,-21319,-17808
2025-03-17,Mínima Varianza,"5349,57",-18399,-21319,-17808
2025-03-18,Mínima Varianza,"3752,38",-18399,-21319,-17808
2025-03-19,Mínima Varianza,"5775,46",-18399,-21319,-17808
2025-03-20,Mínima Varianza,"-2956,08",-18399,-21319,-17808
2025-03-21,Mínima Varianza,"-5741,08",-18399,-21319,-17808
2025-03-24,Mínima Varianza,"2792,02",-18399,-21319,-17808
2025-03-25,Mínima Varianza,"3604,0",-18399,-21319,-17808
2025-03-26,Mínima Varianza,"-4508,2",-18399,-21319,-17808
2025-03-27,Mínima Varianza,"8047,06",-18399,-21319,-17808
2025-03-28,Mínima Varianza,"-2106,04",-18399,-21319,-17808
2025-03-31,Mínima Varianza,"10940,29",-18399,-21319,-17808
2025-04-01,Mínima Varianza,"-670,26",-18399,-21319,-17808
2025-04-02,Mínima Varianza,"3179,32",-18399,-21319,-17808
2025-04-03,Mínima Varianza,"-19752,14",-18399,-21319,-17808
2025-04-04,Mínima Varianza,"-35638,21",-18399,-21319,-17808
2025-04-07,Mínima Varianza,"-18979,17",-18399,-21319,-17808
2025-04-08,Mínima Varianza,"-696,55",-18399,-21319,-17808
2025-04-09,Mínima Varianza,"56396,17",-18399,-21319,-17808
2025-04-10,Mínima Varianza,"2694,98",-18399,-21319,-17808
2025-04-11,Mínima Varianza,"18483,39",-18399,-21319,-17808
2025-04-14,Mínima Varianza,"-863,64",-18399,-21319,-17808
2025-04-15,Mínima Varianza,"1833,68",-18399,-21319,-17808
2025-04-16,Mínima Varianza,"13995,51",-18399,-21319,-17808
2025-04-17,Mínima Varianza,"-2510,07",-18399,-21319,-17808
2025-04-21,Mínima Varianza,"12644,77",-18399,-21319,-17808
2025-04-22,Mínima Varianza,"-1162,55",-18399,-21319,-17808
2025-04-23,Mínima Varianza,"-10523,36",-18399,-21319,-17808
2025-04-24,Mínima Varianza,"15647,39",-18399,-21319,-17808
2025-04-25,Mínima Varianza,"-4911,1",-18399,-21319,-17808
2025-04-28,Mínima Varianza,"8907,48",-18399,-21319,-17808
2025-04-29,Mínima Varianza,"-4259,79",-18399,-21319,-17808
2025-04-30,Mínima Varianza,"-4790,67",-18399,-21319,-17808
2025-05-01,Mínima Varianza,"-11700,74",-18399,-21319,-17808
2025-05-02,Mínima Varianza,"7479,91",-18399,-21319,-17808
2025-05-05,Mínima Varianza,"16825,78",-18399,-21319,-17808
2025-05-06,Mínima Varianza,"15232,39",-18399,-21319,-17808
2025-05-07,Mínima Varianza,"-8920,17",-18399,-21319,-17808
2025-05-08,Mínima Varianza,"-9857,12",-18399,-21319,-17808
2025-05-09,Mínima Varianza,"4149,49",-18399,-21319,-17808
2025-05-12,Mínima Varianza,"-6710,91",-18399,-21319,-17808
2025-05-13,Mínima Varianza,"4372,97",-18399,-21319,-17808
2025-05-14,Mínima Varianza,"-12456,22",-18399,-21319,-17808
2025-05-15,Mínima Varianza,"10897,11",-18399,-21319,-17808
2025-05-16,Mínima Varianza,"-5851,67",-18399,-21319,-17808
2025-05-19,Mínima Varianza,"8110,44",-18399,-21319,-17808
2025-05-20,Mínima Varianza,"11062,77",-18399,-21319,-17808
2025-05-21,Mínima Varianza,"-255,17",-18399,-21319,-17808
2025-05-22,Mínima Varianza,"-5595,25",-18399,-21319,-17808
2025-05-23,Mínima Varianza,"11457,6",-18399,-21319,-17808
2025-05-27,Mínima Varianza,"-5609,66",-18399,-21319,-17808
2025-05-28,Mínima Varianza,"-3358,89",-18399,-21319,-17808
2025-05-29,Mínima Varianza,"5320,66",-18399,-21319,-17808
2025-05-30,Mínima Varianza,"-5272,05",-18399,-21319,-17808
2025-06-02,Mínima Varianza,"18570,9",-18399,-21319,-17808
2025-06-03,Mínima Varianza,"-3487,73",-18399,-21319,-17808
2025-06-04,Mínima Varianza,"4589,82",-18399,-21319,-17808
2025-06-05,Mínima Varianza,"-4600,44",-18399,-21319,-17808
2025-06-06,Mínima Varianza,"-5622,86",-18399,-21319,-17808
2025-06-09,Mínima Varianza,"3518,84",-18399,-21319,-17808
2025-06-10,Mínima Varianza,"1414,69",-18399,-21319,-17808
2025-06-11,Mínima Varianza,"2918,81",-18399,-21319,-17808
2025-06-12,Mínima Varianza,"9308,72",-18399,-21319,-17808
2025-06-13,Mínima Varianza,"4213,95",-18399,-21319,-17808
2025-06-16,Mínima Varianza,"-5960,06",-18399,-21319,-17808
2025-06-17,Mínima Varianza,"-2552,18",-18399,-21319,-17808
2025-06-18,Mínima Varianza,"-3469,22",-18399,-21319,-17808
2025-06-20,Mínima Varianza,"-1071,45",-18399,-21319,-17808
2025-06-23,Mínima Varianza,"5217,36",-18399,-21319,-17808
2025-06-24,Mínima Varianza,"-5615,25",-18399,-21319,-17808
2025-06-25,Mínima Varianza,"2978,35",-18399,-21319,-17808
2025-06-26,Mínima Varianza,"1464,49",-18399,-21319,-17808
2025-06-27,Mínima Varianza,"-10777,38",-18399,-21319,-17808
2025-06-30,Mínima Varianza,"9507,32",-18399,-21319,-17808
2025-07-01,Mínima Varianza,"5534,42",-18399,-21319,-17808
2025-07-02,Mínima Varianza,"4860,08",-18399,-21319,-17808
2025-07-03,Mínima Varianza,"-1506,72",-18399,-21319,-17808
2025-07-07,Mínima Varianza,"-1968,47",-18399,-21319,-17808
2025-07-08,Mínima Varianza,"-6129,21",-18399,-21319,-17808
2025-07-09,Mínima Varianza,"4518,27",-18399,-21319,-17808
2025-07-10,Mínima Varianza,"2831,79",-18399,-21319,-17808
2025-07-11,Mínima Varianza,"4904,22",-18399,-21319,-17808
2025-07-14,Mínima Varianza,"-1427,67",-18399,-21319,-17808
2025-07-15,Mínima Varianza,"-4069,16",-18399,-21319,-17808
2025-07-16,Mínima Varianza,"3934,1",-18399,-21319,-17808
2025-07-17,Mínima Varianza,"1120,77",-18399,-21319,-17808
2025-07-18,Mínima Varianza,"1741,3",-18399,-21319,-17808
2025-07-21,Mínima Varianza,"10846,66",-18399,-21319,-17808
2025-07-22,Mínima Varianza,"6847,27",-18399,-21319,-17808
2025-07-23,Mínima Varianza,"-5464,5",-18399,-21319,-17808
2025-07-24,Mínima Varianza,"-3571,07",-18399,-21319,-17808
2025-07-25,Mínima Varianza,"-5037,96",-18399,-21319,-17808
2025-07-28,Mínima Varianza,"-4326,19",-18399,-21319,-17808
2025-07-29,Mínima Varianza,"1341,59",-18399,-21319,-17808
2025-07-30,Mínima Varianza,"-11957,88",-18399,-21319,-17808
2025-07-31,Mínima Varianza,"1900,33",-18399,-21319,-17808
2025-08-01,Mínima Varianza,"7503,81",-18399,-21319,-17808
2025-08-04,Mínima Varianza,"8911,62",-18399,-21319,-17808
2025-08-05,Mínima Varianza,"-688,78",-18399,-21319,-17808
2025-08-06,Mínima Varianza,"1113,15",-18399,-21319,-17808
2025-08-07,Mínima Varianza,"5118,86",-18399,-21319,-17808
2025-08-08,Mínima Varianza,"2180,45",-18399,-21319,-17808
2025-08-11,Mínima Varianza,"-9777,23",-18399,-21319,-17808
2025-08-12,Mínima Varianza,"3505,48",-18399,-21319,-17808
2025-08-13,Mínima Varianza,"3725,97",-18399,-21319,-17808
2025-08-14,Mínima Varianza,"-4767,63",-18399,-21319,-17808
2025-08-15,Mínima Varianza,"297,61",-18399,-21319,-17808
2025-08-18,Mínima Varianza,"-85,04",-18399,-21319,-17808
2025-08-19,Mínima Varianza,"-5854,08",-18399,-21319,-17808
2025-08-20,Mínima Varianza,"6975,34",-18399,-21319,-17808
2025-08-21,Mínima Varianza,"-3417,13",-18399,-21319,-17808
2025-08-22,Mínima Varianza,"13458,34",-18399,-21319,-17808
2025-08-25,Mínima Varianza,"-2394,02",-18399,-21319,-17808
2025-08-26,Mínima Varianza,"5869,06",-18399,-21319,-17808
2025-08-27,Mínima Varianza,"711,31",-18399,-21319,-17808
2025-08-28,Mínima Varianza,"7454,02",-18399,-21319,-17808
2025-08-29,Mínima Varianza,"4726,53",-18399,-21319,-17808
2025-09-02,Mínima Varianza,"12167,05",-18399,-21319,-17808
2025-09-03,Mínima Varianza,"6172,14",-18399,-21319,-17808
2025-09-04,Mínima Varianza,"-1693,58",-18399,-21319,-17808
2025-09-05,Mínima Varianza,"8988,79",-18399,-21319,-17808
2025-09-08,Mínima Varianza,"8244,13",-18399,-21319,-17808
2025-09-09,Mínima Varianza,"-1190,03",-18399,-21319,-17808
2025-09-10,Mínima Varianza,"2920,42",-18399,-21319,-17808
2025-09-11,Mínima Varianza,"3700,91",-18399,-21319,-17808
2025-09-12,Mínima Varianza,"352,7",-18399,-21319,-17808
2025-09-15,Mínima Varianza,"8564,06",-18399,-21319,-17808
2025-09-16,Mínima Varianza,"735,58",-18399,-21319,-17808
2025-09-17,Mínima Varianza,"-4829,26",-18399,-21319,-17808
2025-09-18,Mínima Varianza,"-2094,2",-18399,-21319,-17808
2025-09-19,Mínima Varianza,"8160,79",-18399,-21319,-17808
2025-09-22,Mínima Varianza,"12563,57",-18399,-21319,-17808
2025-09-23,Mínima Varianza,"777,77",-18399,-21319,-17808
2025-09-24,Mínima Varianza,"-6334,44",-18399,-21319,-17808
2025-09-25,Mínima Varianza,"1636,65",-18399,-21319,-17808
2025-09-26,Mínima Varianza,"4796,78",-18399,-21319,-17808
2025-09-29,Mínima Varianza,"12642,87",-18399,-21319,-17808
2025-09-30,Mínima Varianza,"6799,17",-18399,-21319,-17808
2025-10-01,Mínima Varianza,"2024,77",-18399,-21319,-17808
2025-10-02,Mínima Varianza,"-1650,87",-18399,-21319,-17808
2025-10-03,Mínima Varianza,"4796,05",-18399,-21319,-17808
2025-10-06,Mínima Varianza,"12937,05",-18399,-21319,-17808
2025-10-07,Mínima Varianza,"1868,45",-18399,-21319,-17808
2025-10-08,Mínima Varianza,"12184,12",-18399,-21319,-17808
2025-10-09,Mínima Varianza,"-12411,1",-18399,-21319,-17808
2025-10-10,Mínima Varianza,"-4867,56",-18399,-21319,-17808
2025-10-13,Mínima Varianza,"21766,06",-18399,-21319,-17808
2025-10-14,Mínima Varianza,"3546,57",-18399,-21319,-17808
2025-10-15,Mínima Varianza,"12985,57",-18399,-21319,-17808
2025-10-16,Mínima Varianza,"12869,71",-18399,-21319,-17808
2025-10-17,Mínima Varianza,"-11125,59",-18399,-21319,-17808
2025-10-20,Mínima Varianza,"25911,03",-18399,-21319,-17808
2025-10-21,Mínima Varianza,"-41763,21",-18399,-21319,-17808
2025-10-22,Mínima Varianza,"-1565,33",-18399,-21319,-17808
2025-10-23,Mínima Varianza,"4887,35",-18399,-21319,-17808
2025-10-24,Mínima Varianza,"1086,56",-18399,-21319,-17808
2025-10-27,Mínima Varianza,"-13552,97",-18399,-21319,-17808
2025-10-28,Mínima Varianza,"-3739,91",-18399,-21319,-17808
2025-10-29,Mínima Varianza,"-1633,5",-18399,-21319,-17808
2025-10-30,Mínima Varianza,"8252,28",-18399,-21319,-17808
2025-10-31,Mínima Varianza,"-3427,88",-18399,-21319,-17808
2025-11-03,Mínima Varianza,"1643,36",-18399,-21319,-17808
2025-11-04,Mínima Varianza,"-15605,72",-18399,-21319,-17808
2025-11-05,Mínima Varianza,"9077,71",-18399,-21319,-17808
2025-11-06,Mínima Varianza,"-3455,78",-18399,-21319,-17808
2025-11-07,Mínima Varianza,"4164,68",-18399,-21319,-17808
2025-11-10,Mínima Varianza,"22159,85",-18399,-21319,-17808
2025-11-11,Mínima Varianza,"2565,33",-18399,-21319,-17808
2025-11-12,Mínima Varianza,"10223,28",-18399,-21319,-17808
2025-11-13,Mínima Varianza,"-9771,24",-18399,-21319,-17808
2025-11-14,Mínima Varianza,"-12410,21",-18399,-21319,-17808
2025-11-17,Mínima Varianza,"-10841,33",-18399,-21319,-17808
2025-11-18,Mínima Varianza,"2004,47",-18399,-21319,-17808
2025-11-19,Mínima Varianza,"2215,77",-18399,-21319,-17808
2025-11-20,Mínima Varianza,"-5536,11",-18399,-21319,-17808
2025-11-21,Mínima Varianza,"1247,68",-18399,-21319,-17808
2025-11-24,Mínima Varianza,"14497,73",-18399,-21319,-17808
2025-11-25,Mínima Varianza,"3426,4",-18399,-21319,-17808
2025-11-26,Mínima Varianza,"7226,77",-18399,-21319,-17808
2025-11-28,Mínima Varianza,"10025,39",-18399,-21319,-17808
2025-12-01,Mínima Varianza,"2158,44",-18399,-21319,-17808
2025-12-02,Mínima Varianza,"-4008,36",-18399,-21319,-17808
2025-12-03,Mínima Varianza,"414,35",-18399,-21319,-17808
2025-12-04,Mínima Varianza,"807,18",-18399,-21319,-17808
2025-12-05,Mínima Varianza,"222,78",-18399,-21319,-17808
2025-12-08,Mínima Varianza,"-2274,03",-18399,-21319,-17808
2025-12-09,Mínima Varianza,"2658,85",-18399,-21319,-17808
2025-12-10,Mínima Varianza,"4961,03",-18399,-21319,-17808
2025-12-11,Mínima Varianza,"7008,04",-18399,-21319,-17808
2025-12-12,Mínima Varianza,"332,55",-18399,-21319,-17808
2025-12-15,Mínima Varianza,"-113,45",-18399,-21319,-17808
2025-12-16,Mínima Varianza,"-1309,7",-18399,-21319,-17808
2025-12-17,Mínima Varianza,"2827,11",-18399,-21319,-17808
2025-12-18,Mínima Varianza,"1243,31",-18399,-21319,-17808
2025-12-19,Mínima Varianza,"3693,22",-18399,-21319,-17808
2025-12-22,Mínima Varianza,"16875,47",-18399,-21319,-17808
2025-12-23,Mínima Varianza,"9939,26",-18399,-21319,-17808
2025-12-24,Mínima Varianza,"-1370,76",-18399,-21319,-17808
2025-12-26,Mínima Varianza,"7893,99",-18399,-21319,-17808
2025-12-29,Mínima Varianza,"-29955,48",-18399,-21319,-17808
2025-12-30,Mínima Varianza,"463,22",-18399,-21319,-17808
2025-12-31,Mínima Varianza,"-6573,16",-18399,-21319,-17808
2026-01-02,Mínima Varianza,"4607,94",-18399,-21319,-17808
2026-01-05,Mínima Varianza,"19121,87",-18399,-21319,-17808
2026-01-06,Mínima Varianza,"9328,81",-18399,-21319,-17808
2026-01-07,Mínima Varianza,"-7651,68",-18399,-21319,-17808
2026-01-08,Mínima Varianza,"3441,98",-18399,-21319,-17808
2026-01-09,Mínima Varianza,"6925,0",-18399,-21319,-17808
2026-01-12,Mínima Varianza,"13042,59",-18399,-21319,-17808
2026-01-13,Mínima Varianza,"-2408,85",-18399,-21319,-17808
2026-01-14,Mínima Varianza,"4618,78",-18399,-21319,-17808
2026-01-15,Mínima Varianza,"-2544,87",-18399,-21319,-17808
2026-01-16,Mínima Varianza,"-4075,76",-18399,-21319,-17808
2026-01-20,Mínima Varianza,"17184,51",-18399,-21319,-17808
2026-01-21,Mínima Varianza,"13111,04",-18399,-21319,-17808
2026-01-22,Mínima Varianza,"13094,92",-18399,-21319,-17808
2026-01-23,Mínima Varianza,"8612,14",-18399,-21319,-17808
2026-01-26,Mínima Varianza,"10908,01",-18399,-21319,-17808
2026-01-27,Mínima Varianza,"16698,93",-18399,-21319,-17808
2026-01-28,Mínima Varianza,"23878,06",-18399,-21319,-17808
2026-01-29,Mínima Varianza,"1685,22",-18399,-21319,-17808
2026-01-30,Mínima Varianza,"-70625,22",-18399,-21319,-17808
2026-02-02,Mínima Varianza,"-25111,48",-18399,-21319,-17808
2026-02-03,Mínima Varianza,"36831,05",-18399,-21319,-17808
2026-02-04,Mínima Varianza,"-1450,8",-18399,-21319,-17808
2026-02-05,Mínima Varianza,"-21445,78",-18399,-21319,-17808
2026-02-06,Mínima Varianza,"25847,76",-18399,-21319,-17808
2026-02-09,Mínima Varianza,"18151,37",-18399,-21319,-17808
2026-02-10,Mínima Varianza,"-7245,56",-18399,-21319,-17808
2026-02-11,Mínima Varianza,"7023,19",-18399,-21319,-17808
2026-02-12,Mínima Varianza,"-27468,11",-18399,-21319,-17808
2026-02-13,Mínima Varianza,"15526,54",-18399,-21319,-17808
2026-02-17,Mínima Varianza,"-19247,94",-18399,-21319,-17808
2026-02-18,Mínima Varianza,"15901,03",-18399,-21319,-17808
2026-02-19,Mínima Varianza,"725,49",-18399,-21319,-17808
2026-02-20,Mínima Varianza,"14967,71",-18399,-21319,-17808
2026-02-23,Mínima Varianza,"13633,0",-18399,-21319,-17808
2026-02-24,Mínima Varianza,"-6417,27",-18399,-21319,-17808
2026-02-25,Mínima Varianza,"1747,77",-18399,-21319,-17808
2026-02-26,Mínima Varianza,"2986,03",-18399,-21319,-17808
2026-02-27,Mínima Varianza,"6667,86",-18399,-21319,-17808
2026-03-02,Mínima Varianza,"8329,17",-18399,-21319,-17808
2026-03-03,Mínima Varianza,"-33594,06",-18399,-21319,-17808
2026-03-04,Mínima Varianza,"7619,84",-18399,-21319,-17808
2026-03-05,Mínima Varianza,"-9680,93",-18399,-21319,-17808
2026-03-06,Mínima Varianza,"5880,04",-18399,-21319,-17808
2026-03-09,Mínima Varianza,"1993,3",-18399,-21319,-17808
2026-03-10,Mínima Varianza,"6950,78",-18399,-21319,-17808
2026-03-11,Mínima Varianza,"-2000,42",-18399,-21319,-17808
2026-03-12,Mínima Varianza,"-17830,34",-18399,-21319,-17808
2026-03-13,Mínima Varianza,"-10102,68",-18399,-21319,-17808
2026-03-16,Mínima Varianza,"2702,08",-18399,-21319,-17808
2026-03-17,Mínima Varianza,"-997,36",-18399,-21319,-17808
2026-03-18,Mínima Varianza,"-25393,35",-18399,-21319,-17808
2026-03-19,Mínima Varianza,"-27564,57",-18399,-21319,-17808
2026-03-20,Mínima Varianza,"-25406,71",-18399,-21319,-17808
2026-03-23,Mínima Varianza,"-11753,87",-18399,-21319,-17808
2026-03-24,Mínima Varianza,"-1133,6",-18399,-21319,-17808
2026-03-25,Mínima Varianza,"21800,93",-18399,-21319,-17808
2026-03-26,Mínima Varianza,"-31302,45",-18399,-21319,-17808
2026-03-27,Mínima Varianza,"16857,42",-18399,-21319,-17808
2026-03-30,Mínima Varianza,"-774,72",-18399,-21319,-17808
2026-03-31,Mínima Varianza,"33080,32",-18399,-21319,-17808
2026-04-01,Mínima Varianza,"13500,08",-18399,-21319,-17808
2026-04-02,Mínima Varianza,"-12378,72",-18399,-21319,-17808
2026-04-06,Mínima Varianza,"-1694,58",-18399,-21319,-17808
2026-04-07,Mínima Varianza,"6071,47",-18399,-21319,-17808
2026-04-08,Mínima Varianza,"14129,49",-18399,-21319,-17808
2026-04-09,Mínima Varianza,"6418,81",-18399,-21319,-17808
2026-04-10,Mínima Varianza,"-566,52",-18399,-21319,-17808
2026-04-13,Mínima Varianza,"1004,96",-18399,-21319,-17808
2026-04-14,Mínima Varianza,"18583,19",-18399,-21319,-17808
2026-04-15,Mínima Varianza,"-4796,61",-18399,-21319,-17808
2026-04-16,Mínima Varianza,"473,16",-18399,-21319,-17808
2026-04-17,Mínima Varianza,"12516,97",-18399,-21319,-17808
2026-04-20,Mínima Varianza,"-5976,78",-18399,-21319,-17808
2026-04-21,Mínima Varianza,"-20900,31",-18399,-21319,-17808
2026-04-22,Mínima Varianza,"12473,19",-18399,-21319,-17808
2026-04-23,Mínima Varianza,"-7607,29",-18399,-21319,-17808
2026-04-24,Mínima Varianza,"5535,56",-18399,-21319,-17808
2026-04-27,Mínima Varianza,"-4729,85",-18399,-21319,-17808
2026-04-28,Mínima Varianza,"-13518,38",-18399,-21319,-17808
2026-04-29,Mínima Varianza,"-6586,23",-18399,-21319,-17808
2026-04-30,Mínima Varianza,"13418,0",-18399,-21319,-17808
2026-05-01,Mínima Varianza,"261,09",-18399,-21319,-17808
2026-05-04,Mínima Varianza,"-14453,89",-18399,-21319,-17808
2026-05-05,Mínima Varianza,"8268,07",-18399,-21319,-17808
2026-05-06,Mínima Varianza,"24284,63",-18399,-21319,-17808
2026-05-07,Mínima Varianza,"-675,59",-18399,-21319,-17808
2026-05-08,Mínima Varianza,"5867,96",-18399,-21319,-17808
2026-05-11,Mínima Varianza,"3357,14",-18399,-21319,-17808
2026-05-12,Mínima Varianza,"-3253,26",-18399,-21319,-17808
2026-05-13,Mínima Varianza,"-938,47",-18399,-21319,-17808
2026-05-14,Mínima Varianza,"-3808,21",-18399,-21319,-17808
2026-05-15,Mínima Varianza,"-19748,93",-18399,-21319,-17808
2026-05-18,Mínima Varianza,"1227,17",-18399,-21319,-17808
2026-05-19,Mínima Varianza,"-12878,54",-18399,-21319,-17808
2026-05-20,Mínima Varianza,"12738,94",-18399,-21319,-17808
2026-05-21,Mínima Varianza,"-496,58",-18399,-21319,-17808
2026-05-22,Mínima Varianza,"-3472,01",-18399,-21319,-17808
2026-05-26,Mínima Varianza,"3619,86",-18399,-21319,-17808
2026-05-27,Mínima Varianza,"-8867,71",-18399,-21319,-17808
2026-05-28,Mínima Varianza,"8340,22",-18399,-21319,-17808
2026-05-29,Mínima Varianza,"7415,42",-18399,-21319,-17808
2026-06-01,Mínima Varianza,"-9029,23",-18399,-21319,-17808
2026-06-02,Mínima Varianza,"2796,81",-18399,-21319,-17808
2026-06-03,Mínima Varianza,"-8524,72",-18399,-21319,-17808
2026-06-04,Mínima Varianza,"6063,61",-18399,-21319,-17808
2026-06-05,Mínima Varianza,"-33488,47",-18399,-21319,-17808
2026-06-08,Mínima Varianza,"1644,33",-18399,-21319,-17808
2026-06-09,Mínima Varianza,"-10517,37",-18399,-21319,-17808
2026-06-10,Mínima Varianza,"-32174,4",-18399,-21319,-17808
2026-06-11,Mínima Varianza,"25315,9",-18399,-21319,-17808
2026-06-12,Mínima Varianza,"2518,08",-18399,-21319,-17808
2026-06-15,Mínima Varianza,"22958,51",-18399,-21319,-17808
2026-06-16,Mínima Varianza,"-400,88",-18399,-21319,-17808
2026-06-17,Mínima Varianza,"-18410,53",-18399,-21319,-17808
2026-06-18,Mínima Varianza,"1448,61",-18399,-21319,-17808
2026-06-22,Mínima Varianza,"-3435,57",-18399,-21319,-17808
2026-06-23,Mínima Varianza,"-18683,98",-18399,-21319,-17808
2026-06-24,Mínima Varianza,"-19947,24",-18399,-21319,-17808
2026-06-25,Mínima Varianza,"8008,07",-18399,-21319,-17808
2026-06-26,Mínima Varianza,"3474,94",-18399,-21319,-17808
2026-06-29,Mínima Varianza,"-3019,31",-18399,-21319,-17808
2026-06-30,Mínima Varianza,"2718,76",-18399,-21319,-17808
2026-07-01,Mínima Varianza,"2838,27",-18399,-21319,-17808
2026-07-02,Mínima Varianza,"10238,0",-18399,-21319,-17808
2026-07-06,Mínima Varianza,"10038,15",-18399,-21319,-17808
2026-07-07,Mínima Varianza,"-10000,08",-18399,-21319,-17808
2026-07-08,Mínima Varianza,"-6573,89",-18399,-21319,-17808
2026-07-09,Mínima Varianza,"10715,74",-18399,-21319,-17808
2026-07-10,Mínima Varianza,"-1566,64",-18399,-21319,-17808
2026-07-13,Mínima Varianza,"-20772,19",-18399,-21319,-17808
2026-07-14,Mínima Varianza,"11477,25",-18399,-21319,-17808
2026-07-15,Mínima Varianza,"1407,96",-18399,-21319,-17808
2026-07-16,Mínima Varianza,"-15927,0",-18399,-21319,-17808
2026-07-17,Mínima Varianza,"1231,33",-18399,-21319,-17808
2026-07-20,Mínima Varianza,"-1218,88",-18399,-21319,-17808
2026-07-21,Mínima Varianza,"16774,55",-18399,-21319,-17808
2026-07-22,Mínima Varianza,"6787,74",-18399,-21319,-17808
2026-07-23,Mínima Varianza,"-16938,85",-18399,-21319,-17808
2026-07-24,Mínima Varianza,"175,18",-18399,-21319,-17808
2026-07-27,Mínima Varianza,"5463,43",-18399,-21319,-17808
2026-07-28,Mínima Varianza,"-9792,96",-18399,-21319,-17808
2026-07-29,Mínima Varianza,"-1865,84",-18399,-21319,-17808
2026-07-30,Mínima Varianza,"16056,67",-18399,-21319,-17808
2026-07-31,Mínima Varianza,"-7484,02",-18399,-21319,-17808
2026-08-03,Mínima Varianza,"4031,33",-18399,-21319,-17808
2026-08-04,Mínima Varianza,"10366,73",-18399,-21319,-17808
2026-08-05,Mínima Varianza,"25415,76",-18399,-21319,-17808
2026-08-06,Mínima Varianza,"-81,7",-18399,-21319,-17808
2026-08-07,Mínima Varianza,"16752,14",-18399,-21319,-17808
2026-08-10,Mínima Varianza,"6060,15",-18399,-21319,-17808
2026-08-11,Mínima Varianza,"-3975,35",-18399,-21319,-17808
2026-08-12,Mínima Varianza,"7630,23",-18399,-21319,-17808
2026-08-13,Mínima Varianza,"-7762,01",-18399,-21319,-17808
2026-08-14,Mínima Varianza,"3301,61",-18399,-21319,-17808
2026-08-17,Mínima Varianza,"5733,14",-18399,-21319,-17808
2026-08-18,Mínima Varianza,"-13521,78",-18399,-21319,-17808
2026-08-19,Mínima Varianza,"23313,36",-18399,-21319,-17808
2026-08-20,Mínima Varianza,"-411,85",-18399,-21319,-17808
2026-08-21,Mínima Varianza,"13928,04",-18399,-21319,-17808
2026-08-24,Mínima Varianza,"3028,84",-18399,-21319,-17808
2025-01-03,Máximo Sharpe,"1084,19",-18847,-22486,-18127
2025-01-06,Máximo Sharpe,"1850,07",-18847,-22486,-18127
2025-01-07,Máximo Sharpe,"-1887,97",-18847,-22486,-18127
2025-01-08,Máximo Sharpe,"3603,94",-18847,-22486,-18127
2025-01-10,Máximo Sharpe,"-1488,9",-18847,-22486,-18127
2025-01-13,Máximo Sharpe,"-4897,24",-18847,-22486,-18127
2025-01-14,Máximo Sharpe,"3529,76",-18847,-22486,-18127
2025-01-15,Máximo Sharpe,"12129,7",-18847,-22486,-18127
2025-01-16,Máximo Sharpe,"2993,34",-18847,-22486,-18127
2025-01-17,Máximo Sharpe,"1444,18",-18847,-22486,-18127
2025-01-21,Máximo Sharpe,"12602,76",-18847,-22486,-18127
2025-01-22,Máximo Sharpe,"5336,02",-18847,-22486,-18127
2025-01-23,Máximo Sharpe,"1615,07",-18847,-22486,-18127
2025-01-24,Máximo Sharpe,"2168,2",-18847,-22486,-18127
2025-01-27,Máximo Sharpe,"-12132,75",-18847,-22486,-18127
2025-01-28,Máximo Sharpe,"8591,13",-18847,-22486,-18127
2025-01-29,Máximo Sharpe,"-4132,87",-18847,-22486,-18127
2025-01-30,Máximo Sharpe,"10754,97",-18847,-22486,-18127
2025-01-31,Máximo Sharpe,"-1255,99",-18847,-22486,-18127
2025-02-03,Máximo Sharpe,"-12,71",-18847,-22486,-18127
2025-02-04,Máximo Sharpe,"8424,12",-18847,-22486,-18127
2025-02-05,Máximo Sharpe,"5243,0",-18847,-22486,-18127
2025-02-06,Máximo Sharpe,"52,03",-18847,-22486,-18127
2025-02-07,Máximo Sharpe,"-3068,51",-18847,-22486,-18127
2025-02-10,Máximo Sharpe,"12365,22",-18847,-22486,-18127
2025-02-11,Máximo Sharpe,"-1705,85",-18847,-22486,-18127
2025-02-12,Máximo Sharpe,"-841,69",-18847,-22486,-18127
2025-02-13,Máximo Sharpe,"10118,46",-18847,-22486,-18127
2025-02-14,Máximo Sharpe,"-8384,44",-18847,-22486,-18127
2025-02-18,Máximo Sharpe,"10462,72",-18847,-22486,-18127
2025-02-19,Máximo Sharpe,"1348,57",-18847,-22486,-18127
2025-02-20,Máximo Sharpe,"-1553,8",-18847,-22486,-18127
2025-02-21,Máximo Sharpe,"-8138,37",-18847,-22486,-18127
2025-02-24,Máximo Sharpe,"1006,94",-18847,-22486,-18127
2025-02-25,Máximo Sharpe,"-9612,73",-18847,-22486,-18127
2025-02-26,Máximo Sharpe,"1074,15",-18847,-22486,-18127
2025-02-27,Máximo Sharpe,"-15681,35",-18847,-22486,-18127
2025-02-28,Máximo Sharpe,"3334,33",-18847,-22486,-18127
2025-03-03,Máximo Sharpe,"-501,93",-18847,-22486,-18127
2025-03-04,Máximo Sharpe,"-428,21",-18847,-22486,-18127
2025-03-05,Máximo Sharpe,"5884,32",-18847,-22486,-18127
2025-03-06,Máximo Sharpe,"-10757,41",-18847,-22486,-18127
2025-03-07,Máximo Sharpe,"2760,93",-18847,-22486,-18127
2025-03-10,Máximo Sharpe,"-16837,56",-18847,-22486,-18127
2025-03-11,Máximo Sharpe,"2818,67",-18847,-22486,-18127
2025-03-12,Máximo Sharpe,"4759,5",-18847,-22486,-18127
2025-03-13,Máximo Sharpe,"3893,23",-18847,-22486,-18127
2025-03-14,Máximo Sharpe,"9257,34",-18847,-22486,-18127
2025-03-17,Máximo Sharpe,"6407,6",-18847,-22486,-18127
2025-03-18,Máximo Sharpe,"1674,71",-18847,-22486,-18127
2025-03-19,Máximo Sharpe,"7074,33",-18847,-22486,-18127
2025-03-20,Máximo Sharpe,"-1994,8",-18847,-22486,-18127
2025-03-21,Máximo Sharpe,"-4365,3",-18847,-22486,-18127
2025-03-24,Máximo Sharpe,"5352,63",-18847,-22486,-18127
2025-03-25,Máximo Sharpe,"3511,48",-18847,-22486,-18127
2025-03-26,Máximo Sharpe,"-5768,17",-18847,-22486,-18127
2025-03-27,Máximo Sharpe,"6257,37",-18847,-22486,-18127
2025-03-28,Máximo Sharpe,"-4867,72",-18847,-22486,-18127
2025-03-31,Máximo Sharpe,"10915,72",-18847,-22486,-18127
2025-04-01,Máximo Sharpe,"141,14",-18847,-22486,-18127
2025-04-02,Máximo Sharpe,"3931,46",-18847,-22486,-18127
2025-04-03,Máximo Sharpe,"-25711,15",-18847,-22486,-18127
2025-04-04,Máximo Sharpe,"-39867,7",-18847,-22486,-18127
2025-04-07,Máximo Sharpe,"-12910,26",-18847,-22486,-18127
2025-04-08,Máximo Sharpe,"-3945,62",-18847,-22486,-18127
2025-04-09,Máximo Sharpe,"64399,85",-18847,-22486,-18127
2025-04-10,Máximo Sharpe,"-6331,89",-18847,-22486,-18127
2025-04-11,Máximo Sharpe,"18367,07",-18847,-22486,-18127
2025-04-14,Máximo Sharpe,"1072,46",-18847,-22486,-18127
2025-04-15,Máximo Sharpe,"1673,33",-18847,-22486,-18127
2025-04-16,Máximo Sharpe,"7939,83",-18847,-22486,-18127
2025-04-17,Máximo Sharpe,"-1825,92",-18847,-22486,-18127
2025-04-21,Máximo Sharpe,"6359,26",-18847,-22486,-18127
2025-04-22,Máximo Sharpe,"3369,88",-18847,-22486,-18127
2025-04-23,Máximo Sharpe,"-6751,73",-18847,-22486,-18127
2025-04-24,Máximo Sharpe,"17270,16",-18847,-22486,-18127
2025-04-25,Máximo Sharpe,"-2902,87",-18847,-22486,-18127
2025-04-28,Máximo Sharpe,"8061,31",-18847,-22486,-18127
2025-04-29,Máximo Sharpe,"-2687,49",-18847,-22486,-18127
2025-04-30,Máximo Sharpe,"-4016,31",-18847,-22486,-18127
2025-05-01,Máximo Sharpe,"-8595,16",-18847,-22486,-18127
2025-05-02,Máximo Sharpe,"7485,89",-18847,-22486,-18127
2025-05-05,Máximo Sharpe,"13884,74",-18847,-22486,-18127
2025-05-06,Máximo Sharpe,"11716,89",-18847,-22486,-18127
2025-05-07,Máximo Sharpe,"-6576,97",-18847,-22486,-18127
2025-05-08,Máximo Sharpe,"-8033,33",-18847,-22486,-18127
2025-05-09,Máximo Sharpe,"3470,96",-18847,-22486,-18127
2025-05-12,Máximo Sharpe,"-1593,19",-18847,-22486,-18127
2025-05-13,Máximo Sharpe,"5280,53",-18847,-22486,-18127
2025-05-14,Máximo Sharpe,"-11302,74",-18847,-22486,-18127
2025-05-15,Máximo Sharpe,"10992,61",-18847,-22486,-18127
2025-05-16,Máximo Sharpe,"-3997,27",-18847,-22486,-18127
2025-05-19,Máximo Sharpe,"7626,25",-18847,-22486,-18127
2025-05-20,Máximo Sharpe,"8809,87",-18847,-22486,-18127
2025-05-21,Máximo Sharpe,"-3406,29",-18847,-22486,-18127
2025-05-22,Máximo Sharpe,"-4793,55",-18847,-22486,-18127
2025-05-23,Máximo Sharpe,"9068,02",-18847,-22486,-18127
2025-05-27,Máximo Sharpe,"-448,24",-18847,-22486,-18127
2025-05-28,Máximo Sharpe,"-3829,93",-18847,-22486,-18127
2025-05-29,Máximo Sharpe,"5037,77",-18847,-22486,-18127
2025-05-30,Máximo Sharpe,"-4177,4",-18847,-22486,-18127
2025-06-02,Máximo Sharpe,"17123,85",-18847,-22486,-18127
2025-06-03,Máximo Sharpe,"-2451,83",-18847,-22486,-18127
2025-06-04,Máximo Sharpe,"3465,28",-18847,-22486,-18127
2025-06-05,Máximo Sharpe,"-4966,3",-18847,-22486,-18127
2025-06-06,Máximo Sharpe,"-3024,07",-18847,-22486,-18127
2025-06-09,Máximo Sharpe,"3025,39",-18847,-22486,-18127
2025-06-10,Máximo Sharpe,"2662,06",-18847,-22486,-18127
2025-06-11,Máximo Sharpe,"1750,54",-18847,-22486,-18127
2025-06-12,Máximo Sharpe,"8641,99",-18847,-22486,-18127
2025-06-13,Máximo Sharpe,"2296,34",-18847,-22486,-18127
2025-06-16,Máximo Sharpe,"-3831,53",-18847,-22486,-18127
2025-06-17,Máximo Sharpe,"-3505,67",-18847,-22486,-18127
2025-06-18,Máximo Sharpe,"-3080,58",-18847,-22486,-18127
2025-06-20,Máximo Sharpe,"-1272,91",-18847,-22486,-18127
2025-06-23,Máximo Sharpe,"6050,17",-18847,-22486,-18127
2025-06-24,Máximo Sharpe,"-3988,3",-18847,-22486,-18127
2025-06-25,Máximo Sharpe,"1940,09",-18847,-22486,-18127
2025-06-26,Máximo Sharpe,"2825,51",-18847,-22486,-18127
2025-06-27,Máximo Sharpe,"-8018,14",-18847,-22486,-18127
2025-06-30,Máximo Sharpe,"8756,73",-18847,-22486,-18127
2025-07-01,Máximo Sharpe,"4815,06",-18847,-22486,-18127
2025-07-02,Máximo Sharpe,"5075,21",-18847,-22486,-18127
2025-07-03,Máximo Sharpe,"-352,16",-18847,-22486,-18127
2025-07-07,Máximo Sharpe,"-2887,4",-18847,-22486,-18127
2025-07-08,Máximo Sharpe,"-6101,49",-18847,-22486,-18127
2025-07-09,Máximo Sharpe,"5131,83",-18847,-22486,-18127
2025-07-10,Máximo Sharpe,"2485,34",-18847,-22486,-18127
2025-07-11,Máximo Sharpe,"3777,22",-18847,-22486,-18127
2025-07-14,Máximo Sharpe,"-1201,49",-18847,-22486,-18127
2025-07-15,Máximo Sharpe,"-4216,51",-18847,-22486,-18127
2025-07-16,Máximo Sharpe,"4251,86",-18847,-22486,-18127
2025-07-17,Máximo Sharpe,"1481,48",-18847,-22486,-18127
2025-07-18,Máximo Sharpe,"1126,0",-18847,-22486,-18127
2025-07-21,Máximo Sharpe,"9350,27",-18847,-22486,-18127
2025-07-22,Máximo Sharpe,"5332,0",-18847,-22486,-18127
2025-07-23,Máximo Sharpe,"-3221,28",-18847,-22486,-18127
2025-07-24,Máximo Sharpe,"-3279,01",-18847,-22486,-18127
2025-07-25,Máximo Sharpe,"-3324,0",-18847,-22486,-18127
2025-07-28,Máximo Sharpe,"-3735,84",-18847,-22486,-18127
2025-07-29,Máximo Sharpe,"365,95",-18847,-22486,-18127
2025-07-30,Máximo Sharpe,"-10281,82",-18847,-22486,-18127
2025-07-31,Máximo Sharpe,"2036,0",-18847,-22486,-18127
2025-08-01,Máximo Sharpe,"3913,82",-18847,-22486,-18127
2025-08-04,Máximo Sharpe,"9906,52",-18847,-22486,-18127
2025-08-05,Máximo Sharpe,"-1797,4",-18847,-22486,-18127
2025-08-06,Máximo Sharpe,"2186,69",-18847,-22486,-18127
2025-08-07,Máximo Sharpe,"4319,42",-18847,-22486,-18127
2025-08-08,Máximo Sharpe,"3307,37",-18847,-22486,-18127
2025-08-11,Máximo Sharpe,"-8955,83",-18847,-22486,-18127
2025-08-12,Máximo Sharpe,"4172,65",-18847,-22486,-18127
2025-08-13,Máximo Sharpe,"3209,3",-18847,-22486,-18127
2025-08-14,Máximo Sharpe,"-3507,92",-18847,-22486,-18127
2025-08-15,Máximo Sharpe,"-708,9",-18847,-22486,-18127
2025-08-18,Máximo Sharpe,"-968,28",-18847,-22486,-18127
2025-08-19,Máximo Sharpe,"-5466,91",-18847,-22486,-18127
2025-08-20,Máximo Sharpe,"4445,44",-18847,-22486,-18127
2025-08-21,Máximo Sharpe,"-3716,33",-18847,-22486,-18127
2025-08-22,Máximo Sharpe,"12677,94",-18847,-22486,-18127
2025-08-25,Máximo Sharpe,"-3298,4",-18847,-22486,-18127
2025-08-26,Máximo Sharpe,"5884,78",-18847,-22486,-18127
2025-08-27,Máximo Sharpe,"2131,21",-18847,-22486,-18127
2025-08-28,Máximo Sharpe,"5687,61",-18847,-22486,-18127
2025-08-29,Máximo Sharpe,"2716,89",-18847,-22486,-18127
2025-09-02,Máximo Sharpe,"9755,37",-18847,-22486,-18127
2025-09-03,Máximo Sharpe,"6742,5",-18847,-22486,-18127
2025-09-04,Máximo Sharpe,"1205,86",-18847,-22486,-18127
2025-09-05,Máximo Sharpe,"6117,76",-18847,-22486,-18127
2025-09-08,Máximo Sharpe,"7404,31",-18847,-22486,-18127
2025-09-09,Máximo Sharpe,"-247,99",-18847,-22486,-18127
2025-09-10,Máximo Sharpe,"3276,88",-18847,-22486,-18127
2025-09-11,Máximo Sharpe,"2823,84",-18847,-22486,-18127
2025-09-12,Máximo Sharpe,"951,41",-18847,-22486,-18127
2025-09-15,Máximo Sharpe,"8123,49",-18847,-22486,-18127
2025-09-16,Máximo Sharpe,"509,92",-18847,-22486,-18127
2025-09-17,Máximo Sharpe,"-4872,05",-18847,-22486,-18127
2025-09-18,Máximo Sharpe,"-180,71",-18847,-22486,-18127
2025-09-19,Máximo Sharpe,"8072,13",-18847,-22486,-18127
2025-09-22,Máximo Sharpe,"11662,18",-18847,-22486,-18127
2025-09-23,Máximo Sharpe,"-135,87",-18847,-22486,-18127
2025-09-24,Máximo Sharpe,"-6489,52",-18847,-22486,-18127
2025-09-25,Máximo Sharpe,"276,59",-18847,-22486,-18127
2025-09-26,Máximo Sharpe,"5736,72",-18847,-22486,-18127
2025-09-29,Máximo Sharpe,"10372,1",-18847,-22486,-18127
2025-09-30,Máximo Sharpe,"6407,5",-18847,-22486,-18127
2025-10-01,Máximo Sharpe,"2381,68",-18847,-22486,-18127
2025-10-02,Máximo Sharpe,"-1438,58",-18847,-22486,-18127
2025-10-03,Máximo Sharpe,"4458,94",-18847,-22486,-18127
2025-10-06,Máximo Sharpe,"12002,26",-18847,-22486,-18127
2025-10-07,Máximo Sharpe,"1230,93",-18847,-22486,-18127
2025-10-08,Máximo Sharpe,"11756,06",-18847,-22486,-18127
2025-10-09,Máximo Sharpe,"-11677,18",-18847,-22486,-18127
2025-10-10,Máximo Sharpe,"-6499,74",-18847,-22486,-18127
2025-10-13,Máximo Sharpe,"20129,55",-18847,-22486,-18127
2025-10-14,Máximo Sharpe,"3431,38",-18847,-22486,-18127
2025-10-15,Máximo Sharpe,"11548,16",-18847,-22486,-18127
2025-10-16,Máximo Sharpe,"9883,16",-18847,-22486,-18127
2025-10-17,Máximo Sharpe,"-8101,2",-18847,-22486,-18127
2025-10-20,Máximo Sharpe,"24527,82",-18847,-22486,-18127
2025-10-21,Máximo Sharpe,"-37081,32",-18847,-22486,-18127
2025-10-22,Máximo Sharpe,"-2244,07",-18847,-22486,-18127
2025-10-23,Máximo Sharpe,"4841,92",-18847,-22486,-18127
2025-10-24,Máximo Sharpe,"1722,11",-18847,-22486,-18127
2025-10-27,Máximo Sharpe,"-10575,79",-18847,-22486,-18127
2025-10-28,Máximo Sharpe,"-2841,88",-18847,-22486,-18127
2025-10-29,Máximo Sharpe,"-1905,57",-18847,-22486,-18127
2025-10-30,Máximo Sharpe,"5969,69",-18847,-22486,-18127
2025-10-31,Máximo Sharpe,"-1592,2",-18847,-22486,-18127
2025-11-03,Máximo Sharpe,"1828,32",-18847,-22486,-18127
2025-11-04,Máximo Sharpe,"-15132,51",-18847,-22486,-18127
2025-11-05,Máximo Sharpe,"7945,96",-18847,-22486,-18127
2025-11-06,Máximo Sharpe,"-5437,09",-18847,-22486,-18127
2025-11-07,Máximo Sharpe,"3839,62",-18847,-22486,-18127
2025-11-10,Máximo Sharpe,"21896,79",-18847,-22486,-18127
2025-11-11,Máximo Sharpe,"3203,89",-18847,-22486,-18127
2025-11-12,Máximo Sharpe,"9166,0",-18847,-22486,-18127
2025-11-13,Máximo Sharpe,"-11923,69",-18847,-22486,-18127
2025-11-14,Máximo Sharpe,"-10237,38",-18847,-22486,-18127
2025-11-17,Máximo Sharpe,"-10571,29",-18847,-22486,-18127
2025-11-18,Máximo Sharpe,"313,77",-18847,-22486,-18127
2025-11-19,Máximo Sharpe,"2612,45",-18847,-22486,-18127
2025-11-20,Máximo Sharpe,"-6950,73",-18847,-22486,-18127
2025-11-21,Máximo Sharpe,"3515,55",-18847,-22486,-18127
2025-11-24,Máximo Sharpe,"15230,05",-18847,-22486,-18127
2025-11-25,Máximo Sharpe,"3960,63",-18847,-22486,-18127
2025-11-26,Máximo Sharpe,"7486,31",-18847,-22486,-18127
2025-11-28,Máximo Sharpe,"9297,0",-18847,-22486,-18127
2025-12-01,Máximo Sharpe,"662,28",-18847,-22486,-18127
2025-12-02,Máximo Sharpe,"-2788,23",-18847,-22486,-18127
2025-12-03,Máximo Sharpe,"1008,37",-18847,-22486,-18127
2025-12-04,Máximo Sharpe,"683,46",-18847,-22486,-18127
2025-12-05,Máximo Sharpe,"-157,13",-18847,-22486,-18127
2025-12-08,Máximo Sharpe,"-2804,57",-18847,-22486,-18127
2025-12-09,Máximo Sharpe,"2478,31",-18847,-22486,-18127
2025-12-10,Máximo Sharpe,"5293,03",-18847,-22486,-18127
2025-12-11,Máximo Sharpe,"7005,81",-18847,-22486,-18127
2025-12-12,Máximo Sharpe,"-1662,97",-18847,-22486,-18127
2025-12-15,Máximo Sharpe,"-160,28",-18847,-22486,-18127
2025-12-16,Máximo Sharpe,"-1082,04",-18847,-22486,-18127
2025-12-17,Máximo Sharpe,"-116,3",-18847,-22486,-18127
2025-12-18,Máximo Sharpe,"2316,85",-18847,-22486,-18127
2025-12-19,Máximo Sharpe,"4616,65",-18847,-22486,-18127
2025-12-22,Máximo Sharpe,"15480,31",-18847,-22486,-18127
2025-12-23,Máximo Sharpe,"9362,84",-18847,-22486,-18127
2025-12-24,Máximo Sharpe,"-760,48",-18847,-22486,-18127
2025-12-26,Máximo Sharpe,"6434,52",-18847,-22486,-18127
2025-12-29,Máximo Sharpe,"-26416,39",-18847,-22486,-18127
2025-12-30,Máximo Sharpe,"-133,99",-18847,-22486,-18127
2025-12-31,Máximo Sharpe,"-6907,69",-18847,-22486,-18127
2026-01-02,Máximo Sharpe,"3576,7",-18847,-22486,-18127
2026-01-05,Máximo Sharpe,"17429,35",-18847,-22486,-18127
2026-01-06,Máximo Sharpe,"8622,86",-18847,-22486,-18127
2026-01-07,Máximo Sharpe,"-6787,97",-18847,-22486,-18127
2026-01-08,Máximo Sharpe,"3028,92",-18847,-22486,-18127
2026-01-09,Máximo Sharpe,"6940,04",-18847,-22486,-18127
2026-01-12,Máximo Sharpe,"11046,42",-18847,-22486,-18127
2026-01-13,Máximo Sharpe,"-1678,1",-18847,-22486,-18127
2026-01-14,Máximo Sharpe,"3499,09",-18847,-22486,-18127
2026-01-15,Máximo Sharpe,"-2228,85",-18847,-22486,-18127
2026-01-16,Máximo Sharpe,"-3066,45",-18847,-22486,-18127
2026-01-20,Máximo Sharpe,"11639,71",-18847,-22486,-18127
2026-01-21,Máximo Sharpe,"13143,18",-18847,-22486,-18127
2026-01-22,Máximo Sharpe,"12512,5",-18847,-22486,-18127
2026-01-23,Máximo Sharpe,"7779,62",-18847,-22486,-18127
2026-01-26,Máximo Sharpe,"10343,82",-18847,-22486,-18127
2026-01-27,Máximo Sharpe,"15283,71",-18847,-22486,-18127
2026-01-28,Máximo Sharpe,"21186,94",-18847,-22486,-18127
2026-01-29,Máximo Sharpe,"632,47",-18847,-22486,-18127
2026-01-30,Máximo Sharpe,"-61827,66",-18847,-22486,-18127
2026-02-02,Máximo Sharpe,"-20621,29",-18847,-22486,-18127
2026-02-03,Máximo Sharpe,"30654,87",-18847,-22486,-18127
2026-02-04,Máximo Sharpe,"-2538,86",-18847,-22486,-18127
2026-02-05,Máximo Sharpe,"-20618,8",-18847,-22486,-18127
2026-02-06,Máximo Sharpe,"25291,17",-18847,-22486,-18127
2026-02-09,Máximo Sharpe,"16126,45",-18847,-22486,-18127
2026-02-10,Máximo Sharpe,"-6727,54",-18847,-22486,-18127
2026-02-11,Máximo Sharpe,"6175,16",-18847,-22486,-18127
2026-02-12,Máximo Sharpe,"-26607,06",-18847,-22486,-18127
2026-02-13,Máximo Sharpe,"14026,71",-18847,-22486,-18127
2026-02-17,Máximo Sharpe,"-16961,46",-18847,-22486,-18127
2026-02-18,Máximo Sharpe,"14633,59",-18847,-22486,-18127
2026-02-19,Máximo Sharpe,"389,75",-18847,-22486,-18127
2026-02-20,Máximo Sharpe,"14080,23",-18847,-22486,-18127
2026-02-23,Máximo Sharpe,"10342,66",-18847,-22486,-18127
2026-02-24,Máximo Sharpe,"-4588,99",-18847,-22486,-18127
2026-02-25,Máximo Sharpe,"2311,9",-18847,-22486,-18127
2026-02-26,Máximo Sharpe,"2304,82",-18847,-22486,-18127
2026-02-27,Máximo Sharpe,"5154,32",-18847,-22486,-18127
2026-03-02,Máximo Sharpe,"7415,93",-18847,-22486,-18127
2026-03-03,Máximo Sharpe,"-29383,84",-18847,-22486,-18127
2026-03-04,Máximo Sharpe,"7453,12",-18847,-22486,-18127
2026-03-05,Máximo Sharpe,"-9218,62",-18847,-22486,-18127
2026-03-06,Máximo Sharpe,"2937,33",-18847,-22486,-18127
2026-03-09,Máximo Sharpe,"2697,6",-18847,-22486,-18127
2026-03-10,Máximo Sharpe,"5549,54",-18847,-22486,-18127
2026-03-11,Máximo Sharpe,"-2450,28",-18847,-22486,-18127
2026-03-12,Máximo Sharpe,"-17839,91",-18847,-22486,-18127
2026-03-13,Máximo Sharpe,"-9775,74",-18847,-22486,-18127
2026-03-16,Máximo Sharpe,"3977,38",-18847,-22486,-18127
2026-03-17,Máximo Sharpe,"-247,07",-18847,-22486,-18127
2026-03-18,Máximo Sharpe,"-24152,05",-18847,-22486,-18127
2026-03-19,Máximo Sharpe,"-24580,94",-18847,-22486,-18127
2026-03-20,Máximo Sharpe,"-23701,37",-18847,-22486,-18127
2026-03-23,Máximo Sharpe,"-8139,59",-18847,-22486,-18127
2026-03-24,Máximo Sharpe,"-1361,48",-18847,-22486,-18127
2026-03-25,Máximo Sharpe,"19001,54",-18847,-22486,-18127
2026-03-26,Máximo Sharpe,"-29349,37",-18847,-22486,-18127
2026-03-27,Máximo Sharpe,"11651,18",-18847,-22486,-18127
2026-03-30,Máximo Sharpe,"-1641,39",-18847,-22486,-18127
2026-03-31,Máximo Sharpe,"33419,85",-18847,-22486,-18127
2026-04-01,Máximo Sharpe,"12999,45",-18847,-22486,-18127
2026-04-02,Máximo Sharpe,"-10427,54",-18847,-22486,-18127
2026-04-06,Máximo Sharpe,"-208,53",-18847,-22486,-18127
2026-04-07,Máximo Sharpe,"5597,37",-18847,-22486,-18127
2026-04-08,Máximo Sharpe,"14618,08",-18847,-22486,-18127
2026-04-09,Máximo Sharpe,"6866,46",-18847,-22486,-18127
2026-04-10,Máximo Sharpe,"-1287,53",-18847,-22486,-18127
2026-04-13,Máximo Sharpe,"2032,68",-18847,-22486,-18127
2026-04-14,Máximo Sharpe,"17688,05",-18847,-22486,-18127
2026-04-15,Máximo Sharpe,"-2363,14",-18847,-22486,-18127
2026-04-16,Máximo Sharpe,"602,78",-18847,-22486,-18127
2026-04-17,Máximo Sharpe,"12678,66",-18847,-22486,-18127
2026-04-20,Máximo Sharpe,"-5711,47",-18847,-22486,-18127
2026-04-21,Máximo Sharpe,"-18936,68",-18847,-22486,-18127
2026-04-22,Máximo Sharpe,"11796,52",-18847,-22486,-18127
2026-04-23,Máximo Sharpe,"-7155,77",-18847,-22486,-18127
2026-04-24,Máximo Sharpe,"6265,28",-18847,-22486,-18127
2026-04-27,Máximo Sharpe,"-3584,71",-18847,-22486,-18127
2026-04-28,Máximo Sharpe,"-12613,22",-18847,-22486,-18127
2026-04-29,Máximo Sharpe,"-6053,11",-18847,-22486,-18127
2026-04-30,Máximo Sharpe,"12669,79",-18847,-22486,-18127
2026-05-01,Máximo Sharpe,"589,18",-18847,-22486,-18127
2026-05-04,Máximo Sharpe,"-12906,01",-18847,-22486,-18127
2026-05-05,Máximo Sharpe,"8301,35",-18847,-22486,-18127
2026-05-06,Máximo Sharpe,"22780,84",-18847,-22486,-18127
2026-05-07,Máximo Sharpe,"-425,22",-18847,-22486,-18127
2026-05-08,Máximo Sharpe,"6328,85",-18847,-22486,-18127
2026-05-11,Máximo Sharpe,"2136,39",-18847,-22486,-18127
2026-05-12,Máximo Sharpe,"-2882,93",-18847,-22486,-18127
2026-05-13,Máximo Sharpe,"-676,21",-18847,-22486,-18127
2026-05-14,Máximo Sharpe,"-807,15",-18847,-22486,-18127
2026-05-15,Máximo Sharpe,"-18460,43",-18847,-22486,-18127
2026-05-18,Máximo Sharpe,"1211,68",-18847,-22486,-18127
2026-05-19,Máximo Sharpe,"-12274,1",-18847,-22486,-18127
2026-05-20,Máximo Sharpe,"12451,17",-18847,-22486,-18127
2026-05-21,Máximo Sharpe,"326,9",-18847,-22486,-18127
2026-05-22,Máximo Sharpe,"-2525,28",-18847,-22486,-18127
2026-05-26,Máximo Sharpe,"3166,45",-18847,-22486,-18127
2026-05-27,Máximo Sharpe,"-7554,65",-18847,-22486,-18127
2026-05-28,Máximo Sharpe,"8248,34",-18847,-22486,-18127
2026-05-29,Máximo Sharpe,"6950,59",-18847,-22486,-18127
2026-06-01,Máximo Sharpe,"-6694,9",-18847,-22486,-18127
2026-06-02,Máximo Sharpe,"1535,26",-18847,-22486,-18127
2026-06-03,Máximo Sharpe,"-8666,96",-18847,-22486,-18127
2026-06-04,Máximo Sharpe,"6299,8",-18847,-22486,-18127
2026-06-05,Máximo Sharpe,"-32333,19",-18847,-22486,-18127
2026-06-08,Máximo Sharpe,"2448,28",-18847,-22486,-18127
2026-06-09,Máximo Sharpe,"-10492,12",-18847,-22486,-18127
2026-06-10,Máximo Sharpe,"-30652,6",-18847,-22486,-18127
2026-06-11,Máximo Sharpe,"24671,51",-18847,-22486,-18127
2026-06-12,Máximo Sharpe,"2701,07",-18847,-22486,-18127
2026-06-15,Máximo Sharpe,"21993,55",-18847,-22486,-18127
2026-06-16,Máximo Sharpe,"-1124,13",-18847,-22486,-18127
2026-06-17,Máximo Sharpe,"-18373,74",-18847,-22486,-18127
2026-06-18,Máximo Sharpe,"2440,72",-18847,-22486,-18127
2026-06-22,Máximo Sharpe,"-5052,33",-18847,-22486,-18127
2026-06-23,Máximo Sharpe,"-17115,29",-18847,-22486,-18127
2026-06-24,Máximo Sharpe,"-17327,56",-18847,-22486,-18127
2026-06-25,Máximo Sharpe,"6011,79",-18847,-22486,-18127
2026-06-26,Máximo Sharpe,"3057,2",-18847,-22486,-18127
2026-06-29,Máximo Sharpe,"-374,64",-18847,-22486,-18127
2026-06-30,Máximo Sharpe,"3124,55",-18847,-22486,-18127
2026-07-01,Máximo Sharpe,"2755,35",-18847,-22486,-18127
2026-07-02,Máximo Sharpe,"10645,53",-18847,-22486,-18127
2026-07-06,Máximo Sharpe,"9712,74",-18847,-22486,-18127
2026-07-07,Máximo Sharpe,"-8923,28",-18847,-22486,-18127
2026-07-08,Máximo Sharpe,"-5880,11",-18847,-22486,-18127
2026-07-09,Máximo Sharpe,"9256,94",-18847,-22486,-18127
2026-07-10,Máximo Sharpe,"171,09",-18847,-22486,-18127
2026-07-13,Máximo Sharpe,"-18217,52",-18847,-22486,-18127
2026-07-14,Máximo Sharpe,"9146,05",-18847,-22486,-18127
2026-07-15,Máximo Sharpe,"2047,85",-18847,-22486,-18127
2026-07-16,Máximo Sharpe,"-13589,36",-18847,-22486,-18127
2026-07-17,Máximo Sharpe,"856,18",-18847,-22486,-18127
2026-07-20,Máximo Sharpe,"-1942,39",-18847,-22486,-18127
2026-07-21,Máximo Sharpe,"14511,46",-18847,-22486,-18127
2026-07-22,Máximo Sharpe,"5867,28",-18847,-22486,-18127
2026-07-23,Máximo Sharpe,"-16792,91",-18847,-22486,-18127
2026-07-24,Máximo Sharpe,"1019,3",-18847,-22486,-18127
2026-07-27,Máximo Sharpe,"4177,77",-18847,-22486,-18127
2026-07-28,Máximo Sharpe,"-6835,01",-18847,-22486,-18127
2026-07-29,Máximo Sharpe,"-4274,3",-18847,-22486,-18127
2026-07-30,Máximo Sharpe,"16417,55",-18847,-22486,-18127
2026-07-31,Máximo Sharpe,"-5209,12",-18847,-22486,-18127
2026-08-03,Máximo Sharpe,"6504,5",-18847,-22486,-18127
2026-08-04,Máximo Sharpe,"11562,23",-18847,-22486,-18127
2026-08-05,Máximo Sharpe,"21743,17",-18847,-22486,-18127
2026-08-06,Máximo Sharpe,"-663,63",-18847,-22486,-18127
2026-08-07,Máximo Sharpe,"15158,03",-18847,-22486,-18127
2026-08-10,Máximo Sharpe,"5540,39",-18847,-22486,-18127
2026-08-11,Máximo Sharpe,"-3609,18",-18847,-22486,-18127
2026-08-12,Máximo Sharpe,"6590,57",-18847,-22486,-18127
2026-08-13,Máximo Sharpe,"-5203,68",-18847,-22486,-18127
2026-08-14,Máximo Sharpe,"2638,65",-18847,-22486,-18127
2026-08-17,Máximo Sharpe,"3453,05",-18847,-22486,-18127
2026-08-18,Máximo Sharpe,"-12630,4",-18847,-22486,-18127
2026-08-19,Máximo Sharpe,"21937,5",-18847,-22486,-18127
2026-08-20,Máximo Sharpe,"-1815,54",-18847,-22486,-18127
2026-08-21,Máximo Sharpe,"12586,01",-18847,-22486,-18127
2026-08-24,Máximo Sharpe,"3072,55",-18847,-22486,-18127
